age,education_num,hours_per_week,employment_years,dependents,dependents_per_income,occupation_seniority,age_squared,education_squared,hours_squared,age_education_interaction,age_hours_interaction,education_hours_interaction,applicant_PC1,applicant_PC2,applicant_PC3,applicant_PC4,applicant_PC5,gender,race,caste_proxy,accepted
45,1,36,26,1,0.055,1,2025,1,1296,45,1620,36,0.1,0.262,-0.023,-0.252,-0.066,Male,General,General,1
38,1,30,16,0,0.0,1,1444,1,900,38,1140,30,0.547,0.22,-0.011,0.015,-0.023,Male,General,General,1
47,2,43,26,0,0.0,2,2209,4,1849,94,2021,86,0.24,-0.093,-0.075,-0.021,0.041,Female,General,General,1
58,3,56,36,2,0.046,3,3364,9,3136,174,3248,168,-0.431,0.121,0.269,-0.098,0.002,Female,General,General,1
37,1,17,19,2,0.11,2,1369,1,289,37,629,17,1.089,-0.011,-0.147,-0.17,-0.054,Female,OBC,OBC,0
37,4,41,12,1,0.02,3,1369,16,1681,148,1517,164,0.097,-0.256,-0.148,-0.073,0.023,Female,General,General,1
58,1,38,40,0,0.0,2,3364,1,1444,58,2204,38,-0.074,0.387,0.424,-0.019,-0.036,Female,SC,SC,1
49,2,48,26,2,0.065,2,2401,4,2304,98,2352,96,0.482,0.017,0.196,0.067,0.09,Female,General,General,1
34,3,42,11,0,0.0,3,1156,9,1764,102,1428,126,0.125,0.615,-0.477,0.019,0.077,Female,OBC,OBC,1
46,3,30,21,1,0.025,3,2116,9,900,138,1380,90,0.2,-0.488,-0.113,0.161,0.03,Female,OBC,OBC,1
34,3,36,9,0,0.0,3,1156,9,1296,102,1224,108,1.246,-0.167,-0.362,-0.104,0.068,Male,SC,SC,1
34,3,30,10,0,0.0,2,1156,9,900,102,1020,90,-0.138,0.01,-0.19,0.088,0.003,Male,SC,SC,1
42,1,52,23,0,0.0,1,1764,1,2704,42,2184,52,-0.159,0.341,-0.628,0.005,0.038,Female,OBC,OBC,1
20,3,40,2,1,0.027,3,400,9,1600,60,800,120,0.058,0.12,-0.027,0.069,0.074,Male,General,General,1
20,1,62,0,0,0.0,1,400,1,3844,20,1240,62,0.536,0.093,-0.228,-0.044,0.012,Male,OBC,OBC,1
33,3,39,9,1,0.026,3,1089,9,1521,99,1287,117,-0.753,-0.338,0.012,0.107,-0.013,Female,OBC,OBC,1
27,2,31,6,1,0.033,3,729,4,961,54,837,62,-0.983,-0.347,-0.325,0.03,-0.085,Female,SC,SC,0
43,3,21,20,1,0.029,3,1849,9,441,129,903,63,-0.294,0.097,0.017,-0.068,-0.004,Male,General,General,1
29,2,18,5,1,0.048,1,841,4,324,58,522,36,-0.817,-0.409,-0.083,-0.001,0.041,Female,General,General,0
23,2,20,0,3,0.112,2,529,4,400,46,460,40,-0.212,-0.16,0.3,-0.024,0.047,Female,SC,SC,0
57,2,43,34,0,0.0,2,3249,4,1849,114,2451,86,0.251,0.15,0.282,0.049,0.025,Female,General,General,1
37,3,46,11,1,0.024,3,1369,9,2116,111,1702,138,-0.445,-0.295,0.157,-0.118,-0.027,Female,General,General,1
40,1,21,19,0,0.0,1,1600,1,441,40,840,21,-0.713,0.482,-0.065,-0.003,-0.099,Female,General,General,1
22,1,50,4,0,0.0,2,484,1,2500,22,1100,50,0.035,0.367,0.397,0.04,-0.025,Female,OBC,OBC,0
33,1,34,12,1,0.055,1,1089,1,1156,33,1122,34,0.431,-0.471,-0.311,0.003,-0.015,Male,ST,ST,0
41,1,41,19,1,0.042,1,1681,1,1681,41,1681,41,-0.847,-0.28,-0.281,0.135,-0.016,Female,General,General,1
26,3,59,4,3,0.069,4,676,9,3481,78,1534,177,0.41,-0.686,-0.017,0.077,0.031,Female,General,General,0
44,1,50,22,1,0.048,2,1936,1,2500,44,2200,50,0.409,-0.235,0.451,-0.001,0.099,Female,General,General,1
32,4,36,5,4,0.079,4,1024,16,1296,128,1152,144,0.477,0.23,-0.04,0.022,0.006,Female,General,General,1
36,1,29,16,0,0.0,2,1296,1,841,36,1044,29,0.609,-0.124,-0.037,0.03,-0.011,Male,OBC,OBC,1
32,1,14,13,0,0.0,1,1024,1,196,32,448,14,1.101,0.138,-0.288,0.04,-0.013,Female,OBC,OBC,1
62,3,31,36,0,0.0,4,3844,9,961,186,1922,93,-0.178,-0.457,0.189,-0.183,0.006,Male,General,General,1
39,2,37,16,0,0.0,2,1521,4,1369,78,1443,74,0.055,0.239,0.191,-0.03,-0.041,Male,OBC,OBC,1
27,2,28,7,1,0.035,1,729,4,784,54,756,56,-0.208,-0.167,0.158,-0.148,0.006,Male,OBC,OBC,1
49,2,38,25,2,0.074,2,2401,4,1444,98,1862,76,0.001,0.004,-0.126,0.128,0.023,Male,General,General,1
25,3,40,0,0,0.0,3,625,9,1600,75,1000,120,0.766,-0.028,-0.141,-0.006,0.01,Female,General,General,0
42,1,37,23,4,0.22,1,1764,1,1369,42,1554,37,-0.673,-0.381,-0.259,-0.019,0.023,Male,ST,ST,0
20,4,32,0,3,0.066,4,400,16,1024,80,640,128,-0.431,-0.346,0.017,0.09,0.022,Male,General,General,1
24,4,42,0,0,0.0,3,576,16,1764,96,1008,168,0.689,0.29,-0.216,0.042,-0.089,Female,OBC,OBC,1
42,2,45,22,0,0.0,2,1764,4,2025,84,1890,90,0.51,0.12,-0.235,-0.113,0.032,Male,General,General,1
48,1,26,27,0,0.0,1,2304,1,676,48,1248,26,-0.182,0.315,-0.085,-0.007,-0.034,Male,SC,SC,0
42,2,56,22,0,0.0,2,1764,4,3136,84,2352,112,0.427,0.097,-0.098,-0.034,-0.055,Male,OBC,OBC,1
38,1,38,16,0,0.0,1,1444,1,1444,38,1444,38,0.171,0.043,-0.108,-0.174,-0.055,Male,OBC,OBC,1
36,1,40,17,1,0.05,1,1296,1,1600,36,1440,40,0.75,-0.518,0.093,-0.069,0.022,Male,SC,SC,1
22,1,48,3,0,0.0,2,484,1,2304,22,1056,48,0.037,-0.081,0.016,-0.018,-0.011,Male,ST,ST,0
31,2,42,9,1,0.039,2,961,4,1764,62,1302,84,0.513,-0.008,-0.058,-0.011,-0.084,Female,OBC,OBC,1
34,3,51,11,4,0.103,3,1156,9,2601,102,1734,153,1.321,0.586,0.037,-0.148,0.024,Male,General,General,1
52,3,43,26,2,0.048,3,2704,9,1849,156,2236,129,0.299,0.206,-0.198,0.115,-0.072,Male,General,General,1
44,3,32,20,4,0.108,2,1936,9,1024,132,1408,96,0.025,0.461,0.021,-0.01,0.007,Female,OBC,OBC,0
20,2,44,0,0,0.0,1,400,4,1936,40,880,88,0.361,0.179,0.03,0.004,0.012,Male,OBC,OBC,0
43,1,26,24,1,0.074,1,1849,1,676,43,1118,26,-0.183,-0.213,-0.301,0.04,0.044,Female,General,General,1
35,1,41,15,1,0.059,2,1225,1,1681,35,1435,41,1.194,0.035,0.199,-0.079,0.089,Male,General,General,1
31,4,39,3,0,0.0,4,961,16,1521,124,1209,156,0.09,0.071,-0.176,0.046,-0.068,Male,OBC,OBC,1
47,1,37,29,0,0.0,1,2209,1,1369,47,1739,37,-0.136,-0.282,0.018,-0.037,-0.003,Female,General,General,1
52,3,38,30,2,0.053,2,2704,9,1444,156,1976,114,-0.418,-0.115,0.233,-0.09,-0.014,Male,General,General,1
51,2,17,27,2,0.089,3,2601,4,289,102,867,34,0.549,-0.062,0.185,0.057,0.022,Male,OBC,OBC,1
29,2,33,5,1,0.036,2,841,4,1089,58,957,66,0.434,0.482,0.007,0.149,0.011,Female,OBC,OBC,1
36,3,41,14,1,0.025,3,1296,9,1681,108,1476,123,-0.249,-0.624,-0.072,0.072,-0.018,Male,General,General,1
43,2,41,21,1,0.03,2,1849,4,1681,86,1763,82,0.288,0.362,0.19,0.092,-0.022,Female,General,General,0
51,3,27,29,0,0.0,3,2601,9,729,153,1377,81,-0.754,-0.281,0.135,-0.052,-0.056,Female,General,General,1
34,4,55,6,1,0.018,4,1156,16,3025,136,1870,220,0.092,-0.412,-0.124,-0.16,0.049,Male,General,General,1
37,2,29,16,0,0.0,2,1369,4,841,74,1073,58,0.226,0.354,-0.159,0.149,0.023,Female,OBC,OBC,1
26,1,51,5,0,0.0,2,676,1,2601,26,1326,51,0.854,0.22,-0.414,0.205,0.046,Female,OBC,OBC,1
25,2,45,4,4,0.132,2,625,4,2025,50,1125,90,-0.385,0.376,0.031,0.154,-0.016,Female,General,General,1
49,4,32,24,1,0.022,4,2401,16,1024,196,1568,128,-0.639,0.24,-0.017,-0.034,-0.033,Female,General,General,1
56,1,61,34,2,0.085,1,3136,1,3721,56,3416,61,-0.448,0.618,0.227,-0.115,-0.054,Female,General,General,1
39,2,25,19,1,0.034,2,1521,4,625,78,975,50,-0.668,0.168,0.072,-0.107,0.018,Male,ST,ST,1
52,2,51,30,1,0.031,2,2704,4,2601,104,2652,102,0.668,-0.047,0.267,-0.168,-0.052,Female,General,General,0
44,3,52,21,0,0.0,3,1936,9,2704,132,2288,156,0.774,0.103,-0.139,-0.011,0.092,Male,SC,SC,1
32,1,31,14,0,0.0,1,1024,1,961,32,992,31,0.16,0.373,0.228,0.161,-0.065,Male,SC,SC,1
44,3,56,20,0,0.0,3,1936,9,3136,132,2464,168,0.611,-0.234,-0.106,-0.014,0.014,Female,OBC,OBC,0
58,4,36,33,2,0.042,4,3364,16,1296,232,2088,144,0.067,-0.196,0.156,0.03,0.078,Male,OBC,OBC,1
39,1,43,19,2,0.091,1,1521,1,1849,39,1677,43,-0.048,-0.093,-0.292,0.138,0.03,Female,General,General,0
58,1,43,40,1,0.06,2,3364,1,1849,58,2494,43,-0.167,-0.631,0.047,-0.04,0.009,Male,OBC,OBC,1
20,4,38,0,1,0.022,4,400,16,1444,80,760,152,-0.155,0.041,-0.397,0.204,-0.048,Female,General,General,1
49,1,49,31,4,0.19,1,2401,1,2401,49,2401,49,-0.774,-0.566,-0.053,0.199,-0.069,Male,SC,SC,1
41,3,49,15,0,0.0,3,1681,9,2401,123,2009,147,0.132,0.016,0.088,-0.013,0.039,Male,General,General,1
36,2,19,14,0,0.0,2,1296,4,361,72,684,38,-0.02,0.26,-0.104,-0.058,0.075,Male,SC,SC,1
41,1,55,20,1,0.047,2,1681,1,3025,41,2255,55,0.373,-0.143,-0.21,0.07,-0.022,Female,General,General,1
20,3,20,0,2,0.062,3,400,9,400,60,400,60,0.047,0.503,0.169,-0.035,-0.057,Male,SC,SC,1
37,2,52,15,4,0.136,2,1369,4,2704,74,1924,104,-0.081,-0.438,-0.021,-0.116,-0.123,Female,General,General,1
44,2,53,23,0,0.0,2,1936,4,2809,88,2332,106,-0.436,0.357,-0.098,0.128,-0.049,Male,OBC,OBC,1
57,1,26,35,3,0.221,1,3249,1,676,57,1482,26,0.036,0.203,0.008,0.122,-0.006,Male,General,General,1
33,2,35,11,3,0.121,2,1089,4,1225,66,1155,70,0.369,-0.515,0.527,0.016,0.08,Male,General,General,1
30,1,26,12,0,0.0,1,900,1,676,30,780,26,-0.572,0.813,0.231,-0.126,0.034,Male,OBC,OBC,1
33,1,37,15,1,0.05,2,1089,1,1369,33,1221,37,0.044,-0.019,0.233,-0.123,0.015,Female,ST,ST,0
50,4,36,25,1,0.021,4,2500,16,1296,200,1800,144,0.117,-0.263,0.087,0.011,-0.02,Female,General,General,1
43,1,49,21,4,0.201,1,1849,1,2401,43,2107,49,-0.359,-0.422,0.033,-0.05,-0.029,Male,SC,SC,1
33,2,55,9,0,0.0,2,1089,4,3025,66,1815,110,-0.294,-0.066,-0.479,-0.034,0.07,Female,OBC,OBC,1
46,1,56,28,2,0.107,2,2116,1,3136,46,2576,56,0.115,-0.038,-0.136,0.102,0.01,Female,SC,SC,0
41,3,33,16,1,0.026,2,1681,9,1089,123,1353,99,-0.567,0.031,-0.096,0.073,-0.105,Male,General,General,1
51,1,37,32,2,0.104,1,2601,1,1369,51,1887,37,0.175,-0.089,-0.375,0.138,-0.034,Male,General,General,1
31,4,19,6,1,0.023,4,961,16,361,124,589,76,-0.448,0.19,-0.231,-0.099,-0.043,Female,SC,SC,1
36,2,30,16,1,0.034,3,1296,4,900,72,1080,60,0.531,-0.116,-0.396,-0.034,-0.027,Male,General,General,1
35,1,51,17,3,0.158,2,1225,1,2601,35,1785,51,1.169,-0.58,-0.008,0.076,0.028,Male,OBC,OBC,1
22,1,59,1,3,0.12,1,484,1,3481,22,1298,59,-0.43,-0.045,0.164,0.045,-0.005,Male,General,General,0
43,1,25,22,3,0.184,1,1849,1,625,43,1075,25,0.267,-0.71,0.221,0.153,-0.004,Female,General,General,1
43,2,32,19,0,0.0,2,1849,4,1024,86,1376,64,-0.363,0.106,0.083,0.042,0.066,Male,OBC,OBC,1
40,1,39,21,2,0.107,1,1600,1,1521,40,1560,39,0.52,-0.294,-0.193,0.185,-0.035,Male,OBC,OBC,1
37,3,43,14,0,0.0,3,1369,9,1849,111,1591,129,-0.633,0.049,-0.386,0.054,0.093,Male,OBC,OBC,1
23,2,30,3,1,0.034,2,529,4,900,46,690,60,0.24,0.394,-0.351,0.106,-0.034,Male,General,General,0
34,1,45,12,1,0.056,1,1156,1,2025,34,1530,45,-0.436,-0.285,-0.254,-0.032,0.004,Male,General,General,1
35,2,34,14,1,0.038,3,1225,4,1156,70,1190,68,-0.103,0.318,-0.178,0.001,-0.014,Female,General,General,1
30,3,39,4,1,0.024,3,900,9,1521,90,1170,117,-0.516,-0.13,-0.032,0.091,0.006,Male,General,General,1
38,1,46,16,4,0.21,1,1444,1,2116,38,1748,46,0.411,0.526,-0.203,0.161,0.022,Female,SC,SC,1
44,1,40,26,0,0.0,1,1936,1,1600,44,1760,40,-0.418,-0.11,0.068,0.073,0.022,Male,SC,SC,1
62,1,34,40,2,0.094,1,3844,1,1156,62,2108,34,0.276,-0.252,-0.046,-0.008,-0.038,Female,General,General,1
42,3,38,17,1,0.026,2,1764,9,1444,126,1596,114,-0.172,0.206,0.002,0.138,-0.056,Female,SC,SC,1
43,2,38,20,0,0.0,3,1849,4,1444,86,1634,76,-0.057,-0.131,0.228,-0.219,0.125,Male,General,General,1
39,2,35,17,0,0.0,3,1521,4,1225,78,1365,70,0.074,-0.252,-0.236,-0.142,-0.024,Female,OBC,OBC,1
20,3,36,2,4,0.101,3,400,9,1296,60,720,108,-0.381,-0.143,0.084,0.068,0.035,Male,General,General,1
39,3,59,15,3,0.069,3,1521,9,3481,117,2301,177,0.105,-0.013,-0.003,0.001,-0.08,Female,OBC,OBC,0
40,2,46,17,4,0.128,3,1600,4,2116,80,1840,92,0.765,0.403,-0.067,0.061,-0.014,Male,General,General,1
69,3,36,45,4,0.108,3,4761,9,1296,207,2484,108,-0.389,-0.58,0.177,0.006,-0.006,Female,General,General,1
37,1,48,19,0,0.0,1,1369,1,2304,37,1776,48,0.586,0.007,0.176,0.057,0.024,Female,General,General,1
43,1,35,25,1,0.053,1,1849,1,1225,43,1505,35,0.749,0.187,-0.189,-0.081,-0.136,Female,General,General,1
39,1,54,17,2,0.113,2,1521,1,2916,39,2106,54,-0.408,0.058,-0.036,0.057,0.008,Female,General,General,1
25,1,44,6,1,0.052,1,625,1,1936,25,1100,44,-0.728,0.393,0.056,0.099,-0.057,Male,General,General,1
53,2,38,29,1,0.033,2,2809,4,1444,106,2014,76,0.151,-0.022,-0.055,0.122,0.016,Female,General,General,1
49,4,45,25,1,0.02,4,2401,16,2025,196,2205,180,-0.274,-0.055,0.117,0.201,-0.052,Female,OBC,OBC,1
49,1,21,28,1,0.052,1,2401,1,441,49,1029,21,0.934,0.178,0.056,0.024,-0.043,Female,General,General,1
29,1,26,8,1,0.055,1,841,1,676,29,754,26,0.017,0.03,0.367,0.027,-0.014,Male,OBC,OBC,1
56,2,25,32,0,0.0,2,3136,4,625,112,1400,50,-0.401,-0.117,-0.306,-0.152,-0.053,Female,General,General,1
23,4,41,2,1,0.02,4,529,16,1681,92,943,164,-0.574,0.155,-0.024,-0.053,-0.024,Male,ST,ST,1
47,1,60,26,1,0.044,1,2209,1,3600,47,2820,60,0.545,-0.196,-0.182,-0.019,-0.06,Female,ST,ST,0
66,2,66,46,1,0.032,3,4356,4,4356,132,4356,132,-0.286,-0.183,0.121,0.105,-0.092,Male,General,General,1
28,1,47,7,0,0.0,1,784,1,2209,28,1316,47,0.022,-0.158,-0.323,-0.061,0.051,Male,OBC,OBC,0
33,1,46,15,2,0.105,1,1089,1,2116,33,1518,46,0.478,0.406,0.069,0.08,-0.065,Female,General,General,0
41,4,18,15,0,0.0,4,1681,16,324,164,738,72,-0.242,-0.966,-0.126,-0.0,-0.009,Male,ST,ST,0
33,4,33,9,1,0.021,4,1089,16,1089,132,1089,132,-0.023,0.119,-0.147,-0.018,0.038,Female,OBC,OBC,1
21,1,30,3,2,0.121,1,441,1,900,21,630,30,-0.008,0.01,-0.289,0.025,-0.031,Female,General,General,0
40,4,32,12,1,0.023,4,1600,16,1024,160,1280,128,0.342,-0.504,-0.093,-0.039,-0.041,Male,General,General,1
27,2,37,5,0,0.0,2,729,4,1369,54,999,74,0.295,0.093,0.217,-0.043,0.011,Male,General,General,1
45,3,34,22,2,0.051,2,2025,9,1156,135,1530,102,-0.11,0.143,-0.005,-0.17,0.056,Female,General,General,1
28,2,16,4,1,0.041,1,784,4,256,56,448,32,0.032,0.177,0.126,-0.025,-0.058,Male,OBC,OBC,0
58,2,48,37,2,0.067,2,3364,4,2304,116,2784,96,-0.186,-0.796,0.333,-0.048,-0.008,Female,General,General,1
30,2,27,7,2,0.073,3,900,4,729,60,810,54,-0.739,0.41,0.053,-0.052,-0.087,Female,General,General,1
36,2,42,15,2,0.065,2,1296,4,1764,72,1512,84,0.129,-0.221,-0.112,0.042,-0.02,Male,General,General,0
49,1,64,31,1,0.041,2,2401,1,4096,49,3136,64,0.946,0.206,0.093,0.066,0.002,Male,General,General,1
25,1,28,6,0,0.0,1,625,1,784,25,700,28,-0.442,0.222,-0.109,0.023,-0.043,Male,General,General,0
42,1,10,20,0,0.0,1,1764,1,100,42,420,10,-0.387,-0.263,-0.101,0.1,-0.023,Female,SC,SC,0
55,3,36,29,1,0.025,2,3025,9,1296,165,1980,108,-0.435,0.198,-0.304,0.058,-0.07,Male,General,General,1
20,1,53,1,1,0.049,1,400,1,2809,20,1060,53,0.362,-0.116,0.185,-0.03,0.004,Male,OBC,OBC,1
42,2,63,18,1,0.026,2,1764,4,3969,84,2646,126,0.224,-0.621,-0.077,-0.046,0.053,Female,General,General,1
43,4,25,15,0,0.0,4,1849,16,625,172,1075,100,-0.079,0.35,0.036,0.031,-0.055,Female,General,General,1
49,1,45,30,0,0.0,2,2401,1,2025,49,2205,45,-0.459,-0.233,-0.207,0.057,-0.031,Male,OBC,OBC,1
25,2,34,3,1,0.038,3,625,4,1156,50,850,68,0.046,-0.256,0.087,0.14,0.025,Male,General,General,1
24,2,38,2,0,0.0,2,576,4,1444,48,912,76,-0.782,-0.121,-0.152,0.119,0.061,Female,General,General,1
46,3,70,21,2,0.048,4,2116,9,4900,138,3220,210,0.072,0.082,-0.028,-0.054,-0.075,Female,OBC,OBC,1
43,1,21,21,0,0.0,1,1849,1,441,43,903,21,0.436,-0.017,0.176,-0.01,-0.008,Female,General,General,0
43,2,43,22,1,0.036,1,1849,4,1849,86,1849,86,-0.626,0.164,0.158,0.067,0.014,Female,General,General,1
44,3,45,18,4,0.099,4,1936,9,2025,132,1980,135,-0.766,-0.402,-0.004,0.107,-0.005,Female,OBC,OBC,1
31,4,53,7,0,0.0,4,961,16,2809,124,1643,212,0.79,-0.223,-0.354,0.094,-0.124,Female,OBC,OBC,1
42,2,41,18,1,0.033,1,1764,4,1681,84,1722,82,-0.306,-0.035,0.599,-0.006,0.025,Female,General,General,1
43,2,43,19,0,0.0,2,1849,4,1849,86,1849,86,0.568,0.569,0.349,-0.125,0.076,Female,General,General,1
31,2,35,9,2,0.062,2,961,4,1225,62,1085,70,-0.077,-0.034,0.145,-0.1,0.006,Female,General,General,1
62,3,43,39,1,0.025,3,3844,9,1849,186,2666,129,-0.081,0.326,-0.151,0.027,-0.052,Male,General,General,1
45,2,35,21,1,0.038,2,2025,4,1225,90,1575,70,0.219,0.012,-0.023,0.034,-0.026,Male,OBC,OBC,1
25,1,47,5,1,0.048,2,625,1,2209,25,1175,47,-0.442,-0.145,-0.109,-0.11,0.088,Female,SC,SC,1
47,4,35,20,3,0.062,3,2209,16,1225,188,1645,140,0.066,-0.074,0.253,0.004,0.045,Male,SC,SC,1
28,2,44,6,0,0.0,2,784,4,1936,56,1232,88,-0.191,-0.051,0.053,0.063,0.032,Female,General,General,1
49,2,39,27,0,0.0,2,2401,4,1521,98,1911,78,-0.66,0.181,-0.157,-0.115,0.018,Male,General,General,1
53,1,53,33,3,0.147,1,2809,1,2809,53,2809,53,0.169,0.412,-0.094,0.11,-0.033,Female,OBC,OBC,1
30,2,39,6,1,0.036,2,900,4,1521,60,1170,78,-0.132,0.108,0.224,-0.038,-0.01,Male,General,General,1
51,1,18,29,3,0.227,1,2601,1,324,51,918,18,-0.079,0.356,0.32,0.126,-0.004,Female,OBC,OBC,1
44,2,55,21,1,0.034,3,1936,4,3025,88,2420,110,-0.605,-0.289,0.306,-0.053,0.027,Female,OBC,OBC,1
49,1,29,31,3,0.176,2,2401,1,841,49,1421,29,0.796,-0.124,0.151,-0.103,0.075,Male,SC,SC,1
62,2,32,42,1,0.035,3,3844,4,1024,124,1984,64,0.438,-0.217,-0.051,-0.046,0.056,Female,General,General,0
37,4,32,13,2,0.041,4,1369,16,1024,148,1184,128,0.482,0.094,-0.648,-0.01,-0.071,Male,General,General,1
30,1,56,9,4,0.168,1,900,1,3136,30,1680,56,-0.153,-0.108,0.059,-0.039,0.011,Male,SC,SC,0
29,4,14,5,1,0.022,4,841,16,196,116,406,56,-0.865,0.219,-0.0,-0.022,0.037,Male,OBC,OBC,0
30,2,70,10,0,0.0,2,900,4,4900,60,2100,140,0.976,-0.279,0.028,0.033,0.031,Male,SC,SC,1
39,3,52,15,0,0.0,3,1521,9,2704,117,2028,156,-0.031,0.013,0.011,-0.017,-0.031,Female,General,General,1
44,3,42,18,0,0.0,3,1936,9,1764,132,1848,126,-0.374,0.206,-0.265,-0.007,0.146,Male,OBC,OBC,1
43,2,39,19,0,0.0,2,1849,4,1521,86,1677,78,0.208,-0.62,0.111,-0.171,-0.064,Female,OBC,OBC,1
49,3,43,25,1,0.027,3,2401,9,1849,147,2107,129,0.584,0.636,0.126,0.039,-0.054,Male,General,General,1
40,3,46,16,1,0.024,4,1600,9,2116,120,1840,138,-0.012,-0.085,0.136,-0.009,0.012,Female,OBC,OBC,1
57,2,47,35,1,0.031,2,3249,4,2209,114,2679,94,0.639,-0.608,0.189,0.161,0.106,Male,OBC,OBC,1
36,1,46,14,1,0.047,1,1296,1,2116,36,1656,46,0.541,0.047,0.121,-0.094,-0.042,Female,General,General,1
70,2,41,50,2,0.064,2,4900,4,1681,140,2870,82,-0.538,0.01,-0.082,-0.181,-0.013,Female,General,General,1
47,3,37,23,0,0.0,2,2209,9,1369,141,1739,111,-0.337,-0.025,-0.014,0.062,0.054,Female,OBC,OBC,1
29,3,38,4,0,0.0,2,841,9,1444,87,1102,114,0.479,0.297,0.018,0.035,-0.001,Male,General,General,1
27,3,37,3,0,0.0,3,729,9,1369,81,999,111,-1.356,0.224,0.022,-0.101,-0.017,Female,SC,SC,1
45,2,53,24,1,0.03,2,2025,4,2809,90,2385,106,-0.075,0.089,0.2,-0.153,0.028,Male,General,General,1
37,3,47,13,0,0.0,3,1369,9,2209,111,1739,141,-0.715,0.135,0.129,0.154,0.014,Male,General,General,1
48,1,10,26,0,0.0,1,2304,1,100,48,480,10,-0.238,-0.031,0.415,0.141,0.052,Male,ST,ST,0
45,2,47,23,1,0.032,2,2025,4,2209,90,2115,94,-0.149,0.533,0.441,-0.249,0.065,Male,SC,SC,0
39,1,42,20,3,0.142,1,1521,1,1764,39,1638,42,-0.179,-0.444,0.016,-0.046,0.015,Male,General,General,1
29,1,39,8,0,0.0,1,841,1,1521,29,1131,39,-0.276,0.042,-0.767,0.166,0.015,Female,SC,SC,0
21,1,35,3,2,0.112,1,441,1,1225,21,735,35,-0.549,0.02,0.247,-0.048,0.011,Male,General,General,0
34,1,53,14,2,0.103,1,1156,1,2809,34,1802,53,1.146,0.244,-0.108,-0.049,0.024,Male,General,General,1
50,2,51,29,2,0.076,1,2500,4,2601,100,2550,102,0.934,-0.253,-0.16,-0.028,0.003,Male,General,General,1
42,1,30,23,4,0.23,1,1764,1,900,42,1260,30,-0.581,-0.523,-0.08,-0.112,-0.0,Female,General,General,0
25,2,44,2,0,0.0,2,625,4,1936,50,1100,88,0.791,0.047,-0.089,-0.17,0.06,Female,SC,SC,0
42,1,28,20,0,0.0,1,1764,1,784,42,1176,28,-0.2,0.084,0.122,0.105,0.076,Male,OBC,OBC,1
44,1,23,24,3,0.256,1,1936,1,529,44,1012,23,0.065,0.447,-0.312,-0.184,-0.075,Female,ST,ST,0
29,1,32,10,1,0.06,1,841,1,1024,29,928,32,-0.032,-0.381,-0.216,0.025,0.001,Female,OBC,OBC,0
41,1,50,20,1,0.06,2,1681,1,2500,41,2050,50,-0.33,0.346,0.069,0.089,-0.034,Male,General,General,1
40,2,51,20,2,0.059,3,1600,4,2601,80,2040,102,0.492,0.71,0.125,-0.145,-0.016,Female,OBC,OBC,1
26,2,46,5,2,0.071,2,676,4,2116,52,1196,92,0.063,-0.113,0.128,-0.092,0.02,Female,ST,ST,0
44,2,48,21,4,0.121,2,1936,4,2304,88,2112,96,-0.238,-0.387,-0.157,0.121,0.033,Female,OBC,OBC,1
46,2,46,22,4,0.125,2,2116,4,2116,92,2116,92,-0.652,-0.122,-0.196,0.053,-0.006,Male,OBC,OBC,1
52,1,32,30,2,0.128,2,2704,1,1024,52,1664,32,-0.447,0.004,-0.101,-0.062,-0.096,Male,ST,ST,1
52,3,45,29,0,0.0,4,2704,9,2025,156,2340,135,-0.821,0.169,0.048,0.12,-0.048,Male,General,General,1
23,2,49,2,3,0.095,2,529,4,2401,46,1127,98,0.006,-0.177,0.297,0.121,0.045,Female,OBC,OBC,0
28,2,49,6,0,0.0,3,784,4,2401,56,1372,98,-0.598,0.467,-0.409,0.027,-0.137,Female,SC,SC,0
46,1,54,25,0,0.0,1,2116,1,2916,46,2484,54,-0.133,-0.334,-0.044,-0.09,0.059,Male,ST,ST,1
46,1,48,27,3,0.153,1,2116,1,2304,46,2208,48,0.685,-0.522,-0.267,-0.041,0.026,Male,General,General,1
46,1,44,26,0,0.0,1,2116,1,1936,46,2024,44,0.6,0.332,-0.33,0.029,0.066,Female,OBC,OBC,1
70,1,52,50,0,0.0,1,4900,1,2704,70,3640,52,-0.016,-0.682,0.193,-0.019,-0.01,Female,OBC,OBC,1
46,2,39,25,0,0.0,3,2116,4,1521,92,1794,78,-0.044,-0.061,0.109,0.094,-0.103,Female,General,General,1
53,2,29,29,3,0.117,1,2809,4,841,106,1537,58,0.94,0.935,0.09,-0.153,0.022,Female,OBC,OBC,1
51,2,38,28,1,0.036,2,2601,4,1444,102,1938,76,0.26,-0.004,0.184,-0.149,0.064,Female,General,General,1
47,3,31,22,2,0.052,4,2209,9,961,141,1457,93,-0.164,-0.336,-0.096,0.018,0.046,Male,General,General,1
36,3,31,10,0,0.0,4,1296,9,961,108,1116,93,-0.713,-0.017,-0.087,-0.049,-0.033,Male,General,General,1
49,3,38,26,2,0.053,2,2401,9,1444,147,1862,114,0.197,-0.015,0.437,-0.063,0.004,Male,OBC,OBC,1
30,4,30,3,2,0.043,4,900,16,900,120,900,120,0.415,0.048,-0.049,-0.177,-0.027,Female,General,General,1
37,1,36,18,1,0.052,1,1369,1,1296,37,1332,36,-0.316,0.199,0.147,0.002,-0.041,Male,General,General,1
34,1,17,15,1,0.086,1,1156,1,289,34,578,17,0.146,-0.312,0.001,-0.005,0.048,Male,General,General,1
40,1,42,20,0,0.0,2,1600,1,1764,40,1680,42,-0.182,0.506,-0.37,0.065,-0.06,Male,General,General,1
67,2,40,43,4,0.133,3,4489,4,1600,134,2680,80,-0.092,0.074,-0.409,0.007,-0.045,Male,General,General,1
20,3,30,1,2,0.052,2,400,9,900,60,600,90,-1.244,0.218,-0.116,-0.013,-0.055,Female,General,General,0
48,1,47,30,4,0.242,1,2304,1,2209,48,2256,47,-0.111,-0.188,0.211,0.118,-0.075,Male,OBC,OBC,1
20,4,51,0,1,0.02,3,400,16,2601,80,1020,204,0.485,0.386,0.158,-0.131,0.007,Male,SC,SC,1
34,1,20,13,2,0.151,2,1156,1,400,34,680,20,-0.316,-0.077,0.183,0.054,0.058,Female,General,General,1
53,4,30,27,2,0.042,3,2809,16,900,212,1590,120,0.026,0.083,-0.197,-0.167,-0.009,Male,General,General,1
40,1,30,19,2,0.111,1,1600,1,900,40,1200,30,-0.378,-0.28,0.323,-0.084,-0.075,Female,OBC,OBC,0
27,1,28,6,4,0.204,1,729,1,784,27,756,28,0.18,-0.299,-0.193,-0.121,0.042,Female,General,General,0
31,2,49,7,1,0.034,2,961,4,2401,62,1519,98,-0.108,0.206,0.043,0.078,0.084,Female,ST,ST,1
48,1,37,27,0,0.0,1,2304,1,1369,48,1776,37,-0.47,-0.133,-0.002,-0.007,-0.032,Female,OBC,OBC,1
31,1,36,12,2,0.098,1,961,1,1296,31,1116,36,0.666,-0.256,-0.035,-0.001,-0.024,Male,General,General,1
42,1,15,21,2,0.137,2,1764,1,225,42,630,15,0.464,-0.193,0.268,-0.111,0.026,Female,General,General,1
40,3,47,16,1,0.023,4,1600,9,2209,120,1880,141,-0.302,0.21,-0.141,-0.03,0.081,Male,OBC,OBC,1
32,2,25,10,0,0.0,2,1024,4,625,64,800,50,0.249,-0.189,-0.27,-0.076,-0.026,Male,General,General,1
65,1,40,47,1,0.06,1,4225,1,1600,65,2600,40,0.269,-0.035,0.004,0.038,-0.067,Male,General,General,1
47,2,43,25,1,0.037,2,2209,4,1849,94,2021,86,0.321,0.005,-0.08,-0.099,0.032,Male,General,General,1
20,3,56,0,1,0.026,3,400,9,3136,60,1120,168,-0.847,-0.575,0.675,0.133,0.04,Female,SC,SC,0
42,1,24,22,2,0.117,1,1764,1,576,42,1008,24,0.503,-0.441,0.135,-0.168,0.0,Male,OBC,OBC,1
32,2,10,8,2,0.079,3,1024,4,100,64,320,20,-0.285,0.101,-0.082,-0.081,-0.028,Female,General,General,1
50,1,42,30,0,0.0,1,2500,1,1764,50,2100,42,-0.179,-0.221,-0.211,0.168,0.05,Male,OBC,OBC,1
30,1,61,11,1,0.04,1,900,1,3721,30,1830,61,1.319,0.317,-0.376,-0.044,0.026,Male,General,General,1
38,2,54,14,0,0.0,3,1444,4,2916,76,2052,108,0.151,0.29,-0.205,-0.131,-0.038,Female,OBC,OBC,0
46,1,42,28,0,0.0,2,2116,1,1764,46,1932,42,-0.193,0.216,0.023,0.022,0.002,Male,General,General,1
50,2,34,29,2,0.078,1,2500,4,1156,100,1700,68,-1.103,0.546,0.285,-0.048,-0.068,Female,OBC,OBC,1
25,3,49,0,4,0.094,3,625,9,2401,75,1225,147,0.695,-0.025,0.224,-0.084,0.034,Male,ST,ST,1
35,1,28,14,1,0.057,1,1225,1,784,35,980,28,-0.673,0.195,0.046,-0.11,-0.013,Male,General,General,1
34,2,45,11,2,0.066,2,1156,4,2025,68,1530,90,-0.502,-0.175,-0.065,0.277,-0.022,Male,General,General,1
32,1,46,13,3,0.143,1,1024,1,2116,32,1472,46,-0.166,0.736,0.054,-0.025,-0.002,Female,General,General,1
61,4,52,36,3,0.058,4,3721,16,2704,244,3172,208,0.708,0.595,-0.104,-0.193,0.002,Male,General,General,1
44,2,70,23,0,0.0,3,1936,4,4900,88,3080,140,0.387,0.004,0.344,0.149,0.045,Male,General,General,1
24,3,44,0,4,0.094,3,576,9,1936,72,1056,132,-0.079,0.116,-0.038,0.061,0.03,Male,SC,SC,0
51,2,33,27,1,0.035,1,2601,4,1089,102,1683,66,0.154,0.408,-0.017,-0.077,-0.008,Female,SC,SC,1
65,1,39,44,1,0.049,1,4225,1,1521,65,2535,39,-0.3,-0.044,-0.443,-0.093,0.038,Female,General,General,1
52,2,18,30,0,0.0,2,2704,4,324,104,936,36,0.07,-0.197,-0.039,0.067,0.02,Female,OBC,OBC,1
21,4,31,0,1,0.022,4,441,16,961,84,651,124,0.037,0.262,0.167,-0.025,-0.021,Male,OBC,OBC,1
34,2,35,14,0,0.0,2,1156,4,1225,68,1190,70,0.484,0.024,-0.214,-0.193,-0.006,Female,OBC,OBC,1
55,3,33,29,0,0.0,2,3025,9,1089,165,1815,99,0.484,0.055,-0.15,0.179,-0.007,Female,General,General,1
31,3,41,8,1,0.024,2,961,9,1681,93,1271,123,0.247,-0.25,0.159,-0.043,0.025,Female,General,General,0
45,1,30,23,3,0.205,1,2025,1,900,45,1350,30,-0.181,-0.515,-0.295,0.15,-0.018,Female,General,General,0
49,1,53,30,3,0.135,1,2401,1,2809,49,2597,53,0.371,0.071,0.212,0.128,-0.02,Female,General,General,1
28,2,40,8,1,0.037,2,784,4,1600,56,1120,80,-0.046,0.271,-0.106,-0.1,0.098,Male,SC,SC,0
39,2,39,19,3,0.1,2,1521,4,1521,78,1521,78,-0.541,-0.068,-0.078,0.103,0.047,Female,OBC,OBC,1
20,3,36,0,3,0.079,3,400,9,1296,60,720,108,-0.202,0.431,-0.225,-0.065,-0.038,Female,General,General,1
27,4,41,2,2,0.043,4,729,16,1681,108,1107,164,0.042,-0.211,0.076,-0.187,0.029,Male,General,General,1
36,1,49,18,0,0.0,2,1296,1,2401,36,1764,49,0.455,-0.316,0.492,-0.042,0.006,Male,SC,SC,0
25,1,29,4,2,0.128,2,625,1,841,25,725,29,-0.092,-0.02,0.156,0.04,0.02,Female,OBC,OBC,1
59,3,32,34,4,0.102,3,3481,9,1024,177,1888,96,-0.605,-0.025,-0.173,-0.046,0.007,Male,SC,SC,1
22,1,36,3,2,0.11,1,484,1,1296,22,792,36,0.028,0.231,0.227,-0.031,0.059,Female,General,General,0
34,3,23,8,1,0.027,2,1156,9,529,102,782,69,0.057,-0.232,-0.063,0.114,0.017,Male,OBC,OBC,1
41,2,30,21,1,0.04,2,1681,4,900,82,1230,60,0.093,0.41,0.275,0.011,-0.003,Male,OBC,OBC,1
57,2,34,33,2,0.075,2,3249,4,1156,114,1938,68,0.46,0.59,0.161,-0.084,0.052,Male,SC,SC,1
22,1,50,1,1,0.05,2,484,1,2500,22,1100,50,0.509,-0.012,-0.589,0.07,0.012,Male,General,General,0
53,2,43,33,0,0.0,3,2809,4,1849,106,2279,86,-0.297,0.375,-0.201,0.02,0.006,Male,General,General,1
40,2,42,16,1,0.031,2,1600,4,1764,80,1680,84,-0.308,-0.317,0.189,-0.252,0.016,Male,General,General,1
28,2,50,6,3,0.102,2,784,4,2500,56,1400,100,-0.52,0.323,0.03,0.043,-0.005,Female,SC,SC,1
45,1,38,26,3,0.145,2,2025,1,1444,45,1710,38,0.349,0.314,-0.205,0.039,0.0,Female,ST,ST,0
42,3,44,19,0,0.0,4,1764,9,1936,126,1848,132,0.724,0.259,-0.127,0.002,-0.029,Male,ST,ST,1
32,3,38,8,4,0.11,2,1024,9,1444,96,1216,114,-0.158,-0.005,-0.381,0.089,-0.038,Female,ST,ST,0
40,1,43,19,1,0.057,1,1600,1,1849,40,1720,43,-0.121,-0.886,-0.018,-0.067,-0.05,Female,General,General,1
35,1,33,17,2,0.134,1,1225,1,1089,35,1155,33,0.733,-0.193,0.442,0.034,-0.07,Female,General,General,0
41,1,10,22,2,0.203,1,1681,1,100,41,410,10,0.253,-0.188,0.161,-0.157,-0.044,Female,General,General,1
47,2,38,25,3,0.102,1,2209,4,1444,94,1786,76,0.218,-0.293,0.438,0.041,-0.009,Male,General,General,1
59,2,57,37,4,0.125,1,3481,4,3249,118,3363,114,-0.595,0.037,0.176,0.195,0.005,Male,SC,SC,1
25,2,51,2,1,0.031,2,625,4,2601,50,1275,102,0.339,-0.126,0.205,-0.099,-0.014,Male,SC,SC,0
65,1,51,44,3,0.133,1,4225,1,2601,65,3315,51,-0.465,-0.247,0.395,-0.076,-0.118,Male,General,General,1
20,1,54,0,0,0.0,1,400,1,2916,20,1080,54,-0.567,-0.318,0.075,-0.071,0.079,Female,OBC,OBC,0
38,2,41,17,2,0.066,2,1444,4,1681,76,1558,82,-0.173,-0.215,-0.037,0.013,0.054,Male,SC,SC,1
47,2,42,23,2,0.068,3,2209,4,1764,94,1974,84,-0.293,0.336,0.207,-0.106,0.022,Female,General,General,1
43,4,32,17,2,0.044,4,1849,16,1024,172,1376,128,-0.111,-0.198,0.291,0.042,0.095,Female,General,General,1
32,1,36,14,0,0.0,1,1024,1,1296,32,1152,36,-0.72,-0.154,-0.096,0.085,-0.049,Female,General,General,1
37,2,47,17,3,0.103,2,1369,4,2209,74,1739,94,0.479,-0.137,-0.144,0.053,0.094,Female,General,General,1
34,2,54,11,0,0.0,3,1156,4,2916,68,1836,108,0.564,0.102,0.028,-0.177,-0.048,Male,OBC,OBC,1
32,2,38,12,0,0.0,2,1024,4,1444,64,1216,76,-0.974,0.137,0.166,0.1,0.012,Female,General,General,1
50,3,34,28,2,0.056,3,2500,9,1156,150,1700,102,0.489,-0.913,0.16,0.094,-0.064,Male,General,General,1
44,2,40,24,1,0.036,2,1936,4,1600,88,1760,80,-0.405,0.306,-0.285,0.083,0.001,Female,ST,ST,0
31,4,47,5,3,0.059,3,961,16,2209,124,1457,188,0.428,0.431,0.382,0.037,0.019,Female,OBC,OBC,1
50,1,22,32,1,0.062,1,2500,1,484,50,1100,22,-0.034,-0.315,-0.128,0.022,-0.008,Female,General,General,1
43,1,12,25,0,0.0,2,1849,1,144,43,516,12,0.014,-0.292,-0.053,0.103,0.036,Male,ST,ST,1
49,3,33,27,3,0.082,3,2401,9,1089,147,1617,99,-0.093,-0.135,-0.181,0.192,0.005,Female,General,General,1
47,2,25,23,1,0.036,2,2209,4,625,94,1175,50,0.606,-0.227,0.54,-0.095,-0.026,Male,General,General,1
30,1,33,10,0,0.0,2,900,1,1089,30,990,33,-0.62,0.067,0.048,0.108,-0.028,Male,SC,SC,1
33,1,38,12,2,0.088,1,1089,1,1444,33,1254,38,0.304,-0.584,-0.17,-0.009,0.041,Female,General,General,1
48,1,34,26,1,0.05,1,2304,1,1156,48,1632,34,0.551,-0.335,0.173,-0.013,-0.033,Male,SC,SC,1
47,3,57,24,2,0.045,3,2209,9,3249,141,2679,171,0.358,0.462,0.154,-0.154,0.046,Female,General,General,1
39,1,43,19,1,0.059,1,1521,1,1849,39,1677,43,1.162,-0.278,-0.038,-0.028,0.061,Male,General,General,1
41,1,43,21,3,0.142,1,1681,1,1849,41,1763,43,-0.264,0.373,0.168,-0.1,-0.083,Female,OBC,OBC,1
55,1,47,36,3,0.148,1,3025,1,2209,55,2585,47,0.479,0.107,-0.165,-0.046,0.057,Male,General,General,1
32,1,26,13,2,0.132,1,1024,1,676,32,832,26,-0.053,-0.543,-0.099,-0.11,0.103,Female,OBC,OBC,1
46,1,52,27,0,0.0,1,2116,1,2704,46,2392,52,0.617,0.191,-0.402,-0.045,0.013,Female,OBC,OBC,1
37,2,39,14,3,0.098,2,1369,4,1521,74,1443,78,-0.004,-0.035,-0.265,-0.041,0.03,Female,ST,ST,1
37,1,48,19,2,0.093,1,1369,1,2304,37,1776,48,-0.194,-0.137,0.362,0.01,0.052,Male,SC,SC,1
53,3,27,29,2,0.058,2,2809,9,729,159,1431,81,0.653,0.073,0.328,-0.161,-0.014,Female,General,General,1
49,1,21,31,1,0.06,1,2401,1,441,49,1029,21,-0.246,0.142,0.013,-0.145,0.009,Male,SC,SC,1
49,2,49,29,3,0.102,1,2401,4,2401,98,2401,98,-0.706,0.212,0.333,0.036,-0.066,Male,OBC,OBC,1
55,3,44,32,2,0.05,4,3025,9,1936,165,2420,132,-0.258,0.353,-0.032,-0.08,0.007,Male,OBC,OBC,1
40,2,29,17,0,0.0,2,1600,4,841,80,1160,58,0.31,0.122,-0.049,0.107,0.025,Female,SC,SC,1
48,2,29,24,1,0.038,2,2304,4,841,96,1392,58,0.696,-0.413,0.011,0.023,0.026,Male,OBC,OBC,1
36,1,53,15,3,0.13,1,1296,1,2809,36,1908,53,0.056,-0.142,-0.025,0.061,0.053,Female,General,General,1
43,1,25,25,0,0.0,1,1849,1,625,43,1075,25,0.659,0.883,-0.043,0.141,-0.039,Female,OBC,OBC,1
38,2,59,15,4,0.109,2,1444,4,3481,76,2242,118,-0.679,0.217,0.229,-0.031,-0.027,Male,General,General,1
41,4,29,16,2,0.046,4,1681,16,841,164,1189,116,-0.222,0.711,0.03,-0.057,0.095,Female,General,General,1
47,2,47,23,2,0.068,3,2209,4,2209,94,2209,94,-0.144,0.419,0.142,0.087,-0.008,Male,OBC,OBC,1
30,2,36,9,0,0.0,2,900,4,1296,60,1080,72,-0.057,0.073,0.206,0.051,0.01,Female,General,General,1
65,3,47,39,0,0.0,2,4225,9,2209,195,3055,141,0.042,0.09,0.078,-0.019,-0.003,Male,General,General,1
27,2,33,7,4,0.146,2,729,4,1089,54,891,66,0.345,-0.011,-0.194,0.139,-0.041,Female,General,General,1
25,1,38,3,0,0.0,1,625,1,1444,25,950,38,-0.222,-0.521,-0.271,-0.021,0.081,Male,OBC,OBC,0
53,2,40,29,2,0.067,1,2809,4,1600,106,2120,80,0.07,0.005,0.03,0.003,-0.026,Male,General,General,1
49,4,27,21,1,0.022,4,2401,16,729,196,1323,108,-0.023,0.363,-0.034,0.002,-0.056,Male,OBC,OBC,1
47,1,48,26,0,0.0,2,2209,1,2304,47,2256,48,-0.463,-0.18,0.017,-0.093,-0.023,Male,General,General,1
47,2,33,24,0,0.0,1,2209,4,1089,94,1551,66,-0.057,0.124,-0.003,0.008,-0.1,Male,General,General,1
39,1,37,21,1,0.05,1,1521,1,1369,39,1443,37,-0.072,0.255,0.517,0.14,-0.033,Male,General,General,1
29,2,28,5,4,0.162,2,841,4,784,58,812,56,-0.083,-0.273,-0.266,0.044,-0.048,Male,OBC,OBC,1
40,1,10,20,1,0.078,1,1600,1,100,40,400,10,0.016,-0.135,-0.398,0.003,0.031,Female,General,General,1
31,2,37,11,1,0.036,1,961,4,1369,62,1147,74,0.038,-0.305,0.066,-0.016,-0.034,Female,ST,ST,0
51,3,68,25,1,0.023,4,2601,9,4624,153,3468,204,-0.216,-0.247,-0.075,0.033,0.044,Female,ST,ST,0
38,1,49,16,1,0.046,1,1444,1,2401,38,1862,49,0.636,-0.386,0.063,0.075,0.07,Female,SC,SC,1
30,2,39,7,1,0.036,2,900,4,1521,60,1170,78,-0.585,-0.27,0.117,0.061,0.039,Female,ST,ST,1
36,3,36,14,3,0.076,3,1296,9,1296,108,1296,108,-0.36,0.426,0.257,-0.033,-0.011,Female,General,General,1
44,4,40,16,1,0.021,4,1936,16,1600,176,1760,160,1.39,-0.275,-0.301,0.032,0.007,Male,OBC,OBC,1
33,1,46,11,1,0.042,2,1089,1,2116,33,1518,46,-0.519,0.038,-0.111,0.048,-0.076,Female,OBC,OBC,1
30,1,25,12,0,0.0,1,900,1,625,30,750,25,-0.677,-0.151,0.086,-0.101,-0.007,Male,OBC,OBC,0
42,1,53,22,4,0.181,1,1764,1,2809,42,2226,53,0.367,0.354,0.154,0.017,-0.043,Female,SC,SC,1
42,4,48,18,0,0.0,4,1764,16,2304,168,2016,192,-1.039,0.393,0.439,-0.216,0.035,Female,OBC,OBC,1
33,4,48,9,0,0.0,4,1089,16,2304,132,1584,192,-0.118,0.259,0.191,0.048,0.129,Male,ST,ST,1
34,2,45,12,2,0.063,2,1156,4,2025,68,1530,90,1.073,0.092,-0.011,0.066,0.025,Female,General,General,1
42,3,40,20,1,0.027,2,1764,9,1600,126,1680,120,-0.772,-0.069,-0.178,0.075,-0.1,Male,SC,SC,1
22,2,48,0,1,0.03,3,484,4,2304,44,1056,96,-0.991,-0.358,-0.113,-0.04,-0.018,Male,OBC,OBC,0
23,2,47,3,1,0.033,2,529,4,2209,46,1081,94,-0.75,0.583,-0.119,0.031,0.006,Male,OBC,OBC,0
31,1,35,11,2,0.119,1,961,1,1225,31,1085,35,0.449,-0.228,0.131,0.142,0.004,Female,General,General,1
37,3,33,14,0,0.0,3,1369,9,1089,111,1221,99,0.562,0.199,0.051,0.141,-0.037,Female,SC,SC,0
43,1,41,25,3,0.144,1,1849,1,1681,43,1763,41,-0.256,0.318,-0.265,-0.003,0.012,Female,SC,SC,0
57,3,58,32,2,0.048,3,3249,9,3364,171,3306,174,0.342,-0.167,-0.087,0.014,-0.062,Male,General,General,1
50,3,25,24,1,0.029,2,2500,9,625,150,1250,75,0.695,0.311,0.176,0.111,-0.047,Female,OBC,OBC,1
38,3,22,12,1,0.029,3,1444,9,484,114,836,66,0.894,0.229,0.07,-0.15,0.032,Female,General,General,1
39,1,41,18,0,0.0,1,1521,1,1681,39,1599,41,-0.123,0.518,0.114,-0.032,-0.051,Male,ST,ST,1
27,1,40,6,2,0.088,1,729,1,1600,27,1080,40,-1.151,-0.141,0.077,0.134,0.027,Female,General,General,0
39,1,42,21,1,0.055,1,1521,1,1764,39,1638,42,-0.41,-0.386,0.325,0.098,-0.068,Male,General,General,1
36,1,42,15,1,0.047,2,1296,1,1764,36,1512,42,-0.213,-0.152,0.047,0.037,0.088,Male,General,General,1
43,1,37,24,1,0.053,1,1849,1,1369,43,1591,37,-0.129,0.063,-0.077,-0.151,-0.039,Male,OBC,OBC,1
30,4,57,4,4,0.079,3,900,16,3249,120,1710,228,-0.094,0.017,-0.183,-0.005,-0.011,Female,General,General,1
46,2,20,23,1,0.04,1,2116,4,400,92,920,40,0.559,-0.118,0.05,-0.059,0.017,Male,OBC,OBC,1
58,1,30,37,4,0.215,1,3364,1,900,58,1740,30,0.637,-0.573,-0.488,0.033,-0.028,Male,ST,ST,1
38,1,38,19,1,0.055,2,1444,1,1444,38,1444,38,-0.086,0.141,-0.037,-0.081,0.007,Male,SC,SC,1
44,2,20,20,0,0.0,3,1936,4,400,88,880,40,0.549,0.592,-0.041,-0.103,0.029,Male,General,General,1
48,2,37,24,0,0.0,3,2304,4,1369,96,1776,74,0.179,0.139,-0.273,-0.206,0.048,Male,ST,ST,1
35,2,59,15,1,0.029,2,1225,4,3481,70,2065,118,0.032,0.183,-0.186,0.122,0.04,Male,OBC,OBC,1
42,4,40,17,0,0.0,4,1764,16,1600,168,1680,160,0.453,0.172,0.162,-0.04,-0.009,Female,General,General,1
40,2,42,18,0,0.0,2,1600,4,1764,80,1680,84,0.036,0.119,0.046,0.016,-0.007,Male,General,General,1
41,4,24,15,4,0.09,3,1681,16,576,164,984,96,1.029,0.279,0.02,-0.0,0.117,Female,General,General,1
30,3,32,7,3,0.079,2,900,9,1024,90,960,96,-0.719,0.119,0.061,-0.107,0.047,Female,SC,SC,0
40,1,35,20,2,0.105,2,1600,1,1225,40,1400,35,-0.258,-0.094,0.019,-0.126,-0.046,Male,General,General,1
45,4,36,17,0,0.0,4,2025,16,1296,180,1620,144,-0.063,-0.239,0.249,-0.101,0.005,Male,General,General,1
57,1,55,37,0,0.0,1,3249,1,3025,57,3135,55,0.22,-0.075,0.025,-0.072,-0.017,Female,OBC,OBC,1
51,3,46,27,0,0.0,2,2601,9,2116,153,2346,138,0.634,0.094,-0.292,0.037,-0.007,Male,OBC,OBC,1
65,1,26,46,2,0.128,2,4225,1,676,65,1690,26,-0.012,-0.095,0.326,-0.08,-0.061,Male,SC,SC,1
30,3,42,7,4,0.095,3,900,9,1764,90,1260,126,-0.711,0.094,0.074,0.175,-0.021,Male,OBC,OBC,0
50,3,45,26,1,0.024,3,2500,9,2025,150,2250,135,0.421,0.132,-0.118,0.103,0.091,Female,General,General,1
42,3,53,17,0,0.0,4,1764,9,2809,126,2226,159,0.377,0.25,-0.251,0.081,0.029,Female,SC,SC,0
66,3,58,43,1,0.024,3,4356,9,3364,198,3828,174,-0.971,0.385,0.079,-0.012,-0.125,Female,General,General,1
30,1,27,12,1,0.055,1,900,1,729,30,810,27,-0.002,0.023,-0.023,0.151,0.061,Female,OBC,OBC,1
29,1,30,11,1,0.049,1,841,1,900,29,870,30,-0.795,-0.392,0.315,-0.022,0.054,Male,OBC,OBC,1
32,2,24,8,2,0.07,1,1024,4,576,64,768,48,-0.332,-0.104,-0.069,-0.003,-0.018,Male,General,General,1
20,1,37,0,2,0.123,2,400,1,1369,20,740,37,-0.451,0.013,-0.167,0.017,0.036,Male,ST,ST,1
33,2,45,10,0,0.0,2,1089,4,2025,66,1485,90,0.405,-0.551,0.179,0.07,-0.043,Male,General,General,1
30,1,51,8,0,0.0,1,900,1,2601,30,1530,51,0.058,0.417,0.185,0.064,-0.024,Male,General,General,1
41,4,39,15,4,0.08,4,1681,16,1521,164,1599,156,-0.643,0.043,0.034,-0.048,0.075,Male,ST,ST,1
44,2,36,23,0,0.0,2,1936,4,1296,88,1584,72,0.44,0.114,0.135,-0.053,-0.014,Male,OBC,OBC,1
62,3,41,40,0,0.0,2,3844,9,1681,186,2542,123,-0.717,0.41,-0.008,0.064,-0.093,Male,OBC,OBC,1
51,1,29,30,0,0.0,1,2601,1,841,51,1479,29,0.165,-0.189,0.047,0.072,-0.003,Male,OBC,OBC,1
33,3,65,11,0,0.0,3,1089,9,4225,99,2145,195,-0.407,0.172,0.233,-0.039,-0.004,Female,SC,SC,1
29,4,20,4,1,0.021,4,841,16,400,116,580,80,-0.183,-0.033,0.125,-0.159,0.06,Female,General,General,1
45,2,42,23,3,0.106,3,2025,4,1764,90,1890,84,0.252,-0.055,-0.034,-0.021,0.001,Female,General,General,1
24,2,64,3,1,0.029,2,576,4,4096,48,1536,128,0.261,-0.232,0.27,0.062,-0.021,Male,General,General,1
61,3,40,38,1,0.026,2,3721,9,1600,183,2440,120,0.668,0.5,-0.473,0.181,0.052,Male,General,General,1
54,1,37,36,2,0.097,1,2916,1,1369,54,1998,37,-0.041,-0.113,0.41,-0.12,0.006,Male,OBC,OBC,1
34,2,35,11,1,0.045,3,1156,4,1225,68,1190,70,0.153,0.21,-0.341,-0.043,-0.038,Male,General,General,1
20,1,37,1,3,0.163,1,400,1,1369,20,740,37,-0.219,-0.563,-0.125,-0.039,0.058,Male,General,General,1
56,1,56,38,3,0.136,1,3136,1,3136,56,3136,56,0.091,0.354,-0.008,0.136,0.01,Female,General,General,1
38,1,13,17,0,0.0,1,1444,1,169,38,494,13,0.22,0.316,-0.029,-0.003,0.0,Female,OBC,OBC,1
54,1,58,34,2,0.077,1,2916,1,3364,54,3132,58,-0.049,0.029,0.201,-0.091,0.009,Male,SC,SC,1
20,1,22,0,1,0.073,1,400,1,484,20,440,22,-0.902,-0.068,-0.212,0.056,-0.054,Male,General,General,0
32,1,36,10,4,0.203,2,1024,1,1296,32,1152,36,0.166,0.12,0.052,-0.04,-0.026,Male,OBC,OBC,1
40,4,34,16,1,0.021,4,1600,16,1156,160,1360,136,0.182,0.687,-0.116,-0.122,0.0,Male,General,General,1
40,2,47,17,4,0.121,2,1600,4,2209,80,1880,94,-0.34,-0.529,0.059,-0.089,-0.01,Male,OBC,OBC,1
34,4,20,9,2,0.046,4,1156,16,400,136,680,80,-0.642,0.235,-0.013,0.173,0.064,Male,General,General,1
47,2,45,25,0,0.0,2,2209,4,2025,94,2115,90,0.738,-0.273,0.019,0.038,0.011,Male,General,General,1
27,1,64,6,1,0.038,1,729,1,4096,27,1728,64,0.246,-0.006,-0.11,0.011,0.043,Male,OBC,OBC,1
38,2,23,18,4,0.151,3,1444,4,529,76,874,46,-0.115,-0.074,-0.102,-0.025,0.0,Male,SC,SC,0
41,2,42,17,3,0.114,2,1681,4,1764,82,1722,84,-0.569,-0.128,0.057,0.029,0.053,Male,General,General,1
46,1,32,26,0,0.0,1,2116,1,1024,46,1472,32,-0.411,-0.003,0.189,0.028,0.02,Male,OBC,OBC,0
48,2,45,25,2,0.065,2,2304,4,2025,96,2160,90,0.651,-0.34,-0.12,0.029,0.001,Female,OBC,OBC,1
26,1,40,5,1,0.048,1,676,1,1600,26,1040,40,0.069,0.309,-0.174,0.011,-0.001,Male,ST,ST,1
21,2,32,0,0,0.0,2,441,4,1024,42,672,64,-0.275,-0.538,0.123,0.087,-0.048,Female,General,General,1
55,2,45,35,1,0.041,2,3025,4,2025,110,2475,90,0.255,0.162,-0.007,0.002,0.025,Female,General,General,1
43,1,61,25,0,0.0,1,1849,1,3721,43,2623,61,-0.407,-0.098,0.166,-0.098,-0.002,Female,SC,SC,1
31,1,37,13,3,0.188,2,961,1,1369,31,1147,37,0.75,-0.351,-0.181,-0.061,-0.025,Female,General,General,1
58,3,48,35,1,0.027,3,3364,9,2304,174,2784,144,0.676,0.061,-0.356,-0.198,0.055,Female,General,General,1
41,2,24,18,3,0.149,2,1681,4,576,82,984,48,-0.233,-0.467,-0.107,0.203,-0.063,Female,General,General,1
54,1,28,34,0,0.0,1,2916,1,784,54,1512,28,-0.314,0.012,-0.153,0.086,-0.021,Male,SC,SC,1
40,4,45,16,1,0.02,4,1600,16,2025,160,1800,180,-1.309,-0.427,-0.016,-0.083,0.051,Male,General,General,1
64,1,57,46,0,0.0,1,4096,1,3249,64,3648,57,-0.741,0.138,-0.127,-0.028,0.016,Female,SC,SC,0
61,2,44,38,0,0.0,2,3721,4,1936,122,2684,88,-0.67,-0.277,0.148,-0.064,-0.002,Female,General,General,1
37,4,36,13,0,0.0,4,1369,16,1296,148,1332,144,0.068,-0.135,-0.058,0.154,0.013,Female,General,General,1
51,1,39,32,0,0.0,1,2601,1,1521,51,1989,39,-0.163,0.088,0.03,-0.142,0.009,Female,General,General,1
47,1,24,28,1,0.077,2,2209,1,576,47,1128,24,-0.673,-0.232,0.032,0.011,-0.076,Female,General,General,1
56,1,47,38,0,0.0,1,3136,1,2209,56,2632,47,-0.141,-0.017,0.039,-0.011,-0.017,Female,OBC,OBC,1
28,1,50,7,1,0.056,1,784,1,2500,28,1400,50,0.253,-0.454,-0.005,0.083,0.081,Female,OBC,OBC,1
48,1,34,27,1,0.058,1,2304,1,1156,48,1632,34,0.264,0.189,0.102,-0.01,-0.033,Female,General,General,1
52,2,34,29,3,0.11,2,2704,4,1156,104,1768,68,-0.95,0.529,-0.159,-0.176,-0.016,Female,General,General,1
20,1,43,0,4,0.192,1,400,1,1849,20,860,43,-0.064,0.838,0.28,-0.025,-0.027,Female,OBC,OBC,0
25,2,34,5,1,0.036,3,625,4,1156,50,850,68,-0.692,0.027,-0.047,-0.097,-0.004,Female,SC,SC,0
20,4,39,0,1,0.02,4,400,16,1521,80,780,156,0.451,0.236,-0.262,0.008,-0.029,Female,OBC,OBC,1
36,3,65,13,0,0.0,4,1296,9,4225,108,2340,195,0.392,-0.534,0.038,0.143,0.024,Male,SC,SC,1
48,2,37,26,4,0.122,2,2304,4,1369,96,1776,74,-0.449,0.451,-0.17,-0.174,0.01,Male,General,General,1
58,1,35,38,0,0.0,1,3364,1,1225,58,2030,35,-0.383,0.233,0.133,-0.08,0.039,Female,SC,SC,1
40,2,32,17,0,0.0,1,1600,4,1024,80,1280,64,-0.231,-0.145,0.442,-0.055,-0.053,Female,General,General,1
59,2,48,37,0,0.0,3,3481,4,2304,118,2832,96,-1.126,0.371,-0.157,-0.038,-0.017,Male,General,General,1
23,2,37,1,1,0.037,2,529,4,1369,46,851,74,0.168,-0.076,0.066,0.074,-0.011,Male,SC,SC,1
20,1,32,0,0,0.0,2,400,1,1024,20,640,32,-0.136,-0.137,-0.351,-0.017,0.023,Female,ST,ST,0
39,3,55,16,2,0.048,4,1521,9,3025,117,2145,165,0.485,0.143,0.091,0.042,-0.04,Female,OBC,OBC,1
44,2,57,23,0,0.0,3,1936,4,3249,88,2508,114,-0.549,-0.319,-0.177,-0.063,0.046,Female,General,General,1
39,1,32,17,2,0.122,1,1521,1,1024,39,1248,32,-0.31,0.306,-0.125,0.023,0.059,Female,General,General,1
20,1,17,0,0,0.0,1,400,1,289,20,340,17,-0.753,-0.317,-0.22,0.078,-0.049,Male,General,General,0
38,2,52,16,0,0.0,2,1444,4,2704,76,1976,104,-0.502,-0.315,0.146,-0.073,-0.025,Male,SC,SC,1
24,3,31,2,4,0.111,2,576,9,961,72,744,93,-0.591,-0.273,0.201,0.078,-0.027,Male,General,General,1
48,3,49,24,0,0.0,3,2304,9,2401,144,2352,147,0.498,0.228,0.005,0.005,0.132,Female,SC,SC,1
44,3,16,18,3,0.092,2,1936,9,256,132,704,48,-0.349,-0.185,-0.173,0.105,-0.021,Male,General,General,1
28,1,50,9,1,0.047,1,784,1,2500,28,1400,50,0.062,-0.404,0.318,-0.02,0.084,Female,SC,SC,0
33,2,25,11,0,0.0,1,1089,4,625,66,825,50,-0.19,-0.182,-0.15,0.038,-0.063,Female,ST,ST,0
27,2,48,7,4,0.146,1,729,4,2304,54,1296,96,-0.635,-0.01,-0.432,-0.004,-0.049,Female,General,General,1
39,1,40,19,0,0.0,1,1521,1,1600,39,1560,40,-0.084,-0.354,0.092,-0.01,-0.034,Female,General,General,1
51,1,28,30,3,0.207,1,2601,1,784,51,1428,28,0.3,-0.346,-0.221,0.026,-0.042,Male,SC,SC,0
28,3,35,4,0,0.0,3,784,9,1225,84,980,105,-0.604,0.633,0.198,0.054,-0.013,Female,OBC,OBC,1
46,1,48,24,3,0.161,1,2116,1,2304,46,2208,48,0.405,-0.258,-0.076,-0.125,-0.035,Male,OBC,OBC,1
33,2,41,12,0,0.0,2,1089,4,1681,66,1353,82,-0.425,-0.097,0.121,0.143,-0.041,Male,OBC,OBC,1
30,1,47,11,1,0.044,1,900,1,2209,30,1410,47,-0.241,-0.11,0.28,-0.186,0.058,Male,General,General,1
38,1,63,16,2,0.079,1,1444,1,3969,38,2394,63,0.265,-0.126,-0.242,-0.068,0.061,Male,SC,SC,1
27,1,21,6,4,0.255,1,729,1,441,27,567,21,-0.332,0.186,-0.113,-0.009,0.047,Female,General,General,0
33,4,59,5,4,0.076,4,1089,16,3481,132,1947,236,0.019,0.284,-0.015,0.041,0.026,Female,ST,ST,1
25,3,41,1,3,0.079,3,625,9,1681,75,1025,123,-0.157,-0.092,0.308,0.158,0.005,Male,General,General,0
63,4,29,35,3,0.06,4,3969,16,841,252,1827,116,0.065,-0.371,-0.132,-0.186,-0.025,Male,OBC,OBC,1
40,2,24,16,0,0.0,2,1600,4,576,80,960,48,-1.19,0.382,-0.119,-0.051,-0.048,Female,General,General,1
31,1,37,10,0,0.0,1,961,1,1369,31,1147,37,-0.915,-0.029,0.096,-0.213,0.018,Female,General,General,1
42,2,51,20,0,0.0,2,1764,4,2601,84,2142,102,0.308,0.519,-0.115,0.003,-0.059,Male,General,General,1
38,2,38,18,1,0.037,2,1444,4,1444,76,1444,76,0.519,-0.674,0.031,0.027,-0.05,Female,OBC,OBC,1
37,3,58,15,1,0.025,2,1369,9,3364,111,2146,174,-0.455,0.059,-0.31,0.159,0.058,Female,OBC,OBC,1
47,1,22,28,1,0.08,1,2209,1,484,47,1034,22,-0.122,0.576,0.443,0.012,0.095,Female,SC,SC,1
49,2,39,25,0,0.0,2,2401,4,1521,98,1911,78,0.147,-0.106,-0.27,0.104,0.02,Male,General,General,1
33,1,24,14,2,0.128,1,1089,1,576,33,792,24,0.347,-0.068,-0.064,0.058,0.055,Female,OBC,OBC,1
33,1,44,12,0,0.0,1,1089,1,1936,33,1452,44,-1.014,0.089,-0.006,-0.044,-0.012,Female,OBC,OBC,1
36,3,50,14,1,0.023,2,1296,9,2500,108,1800,150,-0.443,-0.168,0.383,-0.141,-0.067,Female,General,General,0
20,2,34,0,1,0.035,3,400,4,1156,40,680,68,-0.166,-0.094,-0.265,0.028,0.031,Female,General,General,1
21,1,10,0,2,0.159,1,441,1,100,21,210,10,0.352,-0.101,0.397,-0.149,0.028,Female,General,General,0
56,1,42,35,2,0.105,1,3136,1,1764,56,2352,42,1.249,-0.188,0.151,0.13,0.004,Male,General,General,1
59,2,45,35,2,0.064,2,3481,4,2025,118,2655,90,-0.114,0.369,0.083,-0.016,-0.012,Female,General,General,1
37,3,44,12,0,0.0,3,1369,9,1936,111,1628,132,-0.703,0.138,-0.197,0.12,0.048,Female,OBC,OBC,1
46,3,54,20,1,0.024,4,2116,9,2916,138,2484,162,0.201,0.075,0.114,-0.048,-0.049,Female,General,General,1
43,4,27,15,0,0.0,3,1849,16,729,172,1161,108,0.66,0.243,-0.145,0.027,-0.039,Male,OBC,OBC,1
70,3,48,46,1,0.026,3,4900,9,2304,210,3360,144,0.054,-0.079,0.253,0.021,-0.05,Male,ST,ST,1
53,1,54,34,1,0.053,2,2809,1,2916,53,2862,54,-0.453,-0.232,-0.194,-0.005,0.004,Female,OBC,OBC,1
38,2,18,15,0,0.0,1,1444,4,324,76,684,36,0.479,-0.181,-0.023,-0.043,-0.054,Female,OBC,OBC,1
28,2,43,5,0,0.0,2,784,4,1849,56,1204,86,0.332,0.001,-0.111,0.039,-0.034,Male,General,General,1
20,1,33,0,4,0.213,2,400,1,1089,20,660,33,-0.513,-0.318,-0.198,-0.093,-0.035,Female,SC,SC,0
42,3,39,18,4,0.104,3,1764,9,1521,126,1638,117,0.191,-0.15,0.148,-0.121,-0.013,Male,General,General,1
30,1,44,10,1,0.044,1,900,1,1936,30,1320,44,0.499,-0.155,0.107,0.124,-0.074,Female,OBC,OBC,1
22,4,34,2,0,0.0,3,484,16,1156,88,748,136,0.591,0.637,0.242,0.073,0.004,Female,ST,ST,1
32,2,31,12,0,0.0,1,1024,4,961,64,992,62,-0.033,-0.832,-0.356,0.007,0.062,Male,OBC,OBC,1
27,2,40,7,1,0.035,2,729,4,1600,54,1080,80,-0.179,-0.054,0.213,0.167,0.007,Female,OBC,OBC,1
60,2,26,36,4,0.16,3,3600,4,676,120,1560,52,0.614,0.518,0.501,-0.027,0.077,Female,General,General,1
50,3,26,25,0,0.0,3,2500,9,676,150,1300,78,-0.605,0.037,-0.09,0.132,0.067,Male,General,General,1
39,2,48,18,2,0.064,2,1521,4,2304,78,1872,96,0.219,0.226,0.379,0.018,0.039,Female,SC,SC,1
57,2,26,33,0,0.0,3,3249,4,676,114,1482,52,-0.685,0.03,-0.053,-0.102,0.004,Male,General,General,1
40,1,47,19,4,0.195,1,1600,1,2209,40,1880,47,0.533,-0.2,-0.274,0.185,0.001,Female,OBC,OBC,1
29,2,45,6,1,0.033,1,841,4,2025,58,1305,90,-0.129,-0.673,-0.061,0.099,0.038,Male,General,General,1
58,1,19,38,2,0.102,1,3364,1,361,58,1102,19,0.634,0.062,0.21,-0.012,-0.02,Male,SC,SC,1
46,3,31,22,1,0.025,4,2116,9,961,138,1426,93,0.246,-0.233,-0.168,0.073,-0.094,Male,General,General,1
27,2,54,3,2,0.06,3,729,4,2916,54,1458,108,-0.612,-0.24,-0.12,-0.04,0.025,Male,OBC,OBC,1
37,2,28,15,0,0.0,1,1369,4,784,74,1036,56,0.712,-0.15,0.119,0.083,-0.057,Female,OBC,OBC,1
29,1,34,8,0,0.0,1,841,1,1156,29,986,34,0.776,0.523,0.001,-0.239,-0.048,Male,General,General,1
23,1,45,3,4,0.19,1,529,1,2025,23,1035,45,0.441,0.721,0.117,-0.102,0.0,Male,General,General,0
51,3,49,29,4,0.098,4,2601,9,2401,153,2499,147,-0.381,0.065,0.048,0.098,-0.005,Female,General,General,1
62,1,36,42,3,0.171,1,3844,1,1296,62,2232,36,-0.153,-0.139,0.096,-0.025,-0.071,Male,General,General,1
23,1,32,2,2,0.116,1,529,1,1024,23,736,32,0.073,-0.353,-0.086,0.021,0.008,Female,General,General,1
46,1,57,24,3,0.187,2,2116,1,3249,46,2622,57,-0.352,0.141,0.046,-0.135,0.048,Female,General,General,1
32,4,60,7,0,0.0,4,1024,16,3600,128,1920,240,0.846,0.535,-0.185,0.185,-0.056,Female,OBC,OBC,1
34,3,51,10,1,0.025,3,1156,9,2601,102,1734,153,0.072,-0.074,0.258,0.119,0.064,Male,General,General,1
32,1,41,11,1,0.045,1,1024,1,1681,32,1312,41,-1.352,-0.714,-0.127,-0.02,-0.078,Male,ST,ST,1
29,1,30,10,2,0.117,1,841,1,900,29,870,30,0.17,0.201,0.226,-0.04,0.106,Female,OBC,OBC,0
40,1,30,21,1,0.068,1,1600,1,900,40,1200,30,-0.174,0.296,-0.047,0.103,-0.021,Male,General,General,1
30,3,46,8,0,0.0,4,900,9,2116,90,1380,138,-0.037,-0.476,0.04,0.198,0.007,Male,General,General,1
43,2,45,22,1,0.036,2,1849,4,2025,86,1935,90,-0.184,0.053,-0.099,0.095,-0.095,Male,SC,SC,1
39,1,56,18,3,0.13,1,1521,1,3136,39,2184,56,0.404,0.135,-0.203,0.217,-0.003,Male,General,General,1
37,1,47,16,1,0.048,1,1369,1,2209,37,1739,47,0.56,-0.022,-0.349,-0.092,0.011,Female,OBC,OBC,1
29,1,21,9,0,0.0,1,841,1,441,29,609,21,0.142,-0.237,-0.211,-0.082,-0.004,Female,OBC,OBC,0
33,2,52,11,0,0.0,2,1089,4,2704,66,1716,104,-0.17,0.305,-0.065,-0.119,-0.028,Female,General,General,1
49,3,28,25,0,0.0,3,2401,9,784,147,1372,84,-0.021,-0.121,0.042,0.044,-0.047,Female,SC,SC,0
46,1,35,27,0,0.0,2,2116,1,1225,46,1610,35,0.01,-0.446,0.202,0.018,0.057,Male,General,General,1
28,1,43,9,2,0.095,1,784,1,1849,28,1204,43,-0.401,-0.615,-0.089,-0.015,0.002,Male,General,General,1
41,1,63,23,2,0.081,1,1681,1,3969,41,2583,63,0.289,0.378,-0.176,0.081,0.077,Female,SC,SC,0
49,4,70,23,2,0.036,3,2401,16,4900,196,3430,280,0.23,0.185,-0.289,0.123,-0.026,Male,OBC,OBC,1
20,1,47,0,1,0.049,2,400,1,2209,20,940,47,0.77,0.026,0.096,-0.153,-0.022,Male,SC,SC,0
46,3,37,24,3,0.076,2,2116,9,1369,138,1702,111,0.628,-0.132,0.277,-0.06,0.041,Female,OBC,OBC,1
32,2,46,8,0,0.0,2,1024,4,2116,64,1472,92,-0.343,-0.159,0.253,0.082,-0.081,Female,OBC,OBC,1
46,1,50,27,1,0.049,1,2116,1,2500,46,2300,50,0.41,-0.323,0.142,-0.047,-0.061,Male,SC,SC,1
30,1,36,12,3,0.162,2,900,1,1296,30,1080,36,-0.475,-0.129,0.128,-0.08,0.055,Female,General,General,1
20,1,61,2,0,0.0,1,400,1,3721,20,1220,61,0.348,-0.636,0.34,0.102,-0.059,Female,SC,SC,0
20,2,42,0,0,0.0,2,400,4,1764,40,840,84,-0.258,-0.221,0.066,-0.129,-0.091,Male,OBC,OBC,1
40,3,45,17,3,0.075,3,1600,9,2025,120,1800,135,-0.512,-0.093,0.129,-0.03,0.093,Female,General,General,1
43,2,47,22,1,0.031,2,1849,4,2209,86,2021,94,0.14,0.183,-0.064,0.033,-0.07,Male,OBC,OBC,1
29,2,45,9,2,0.068,2,841,4,2025,58,1305,90,-1.337,-0.012,-0.272,-0.057,0.009,Female,General,General,1
47,1,50,28,0,0.0,1,2209,1,2500,47,2350,50,-0.875,0.238,-0.137,0.078,0.003,Female,OBC,OBC,1
20,4,32,2,2,0.043,3,400,16,1024,80,640,128,-0.089,0.405,-0.002,-0.057,-0.141,Female,OBC,OBC,1
39,3,33,14,1,0.027,4,1521,9,1089,117,1287,99,0.041,0.317,0.012,0.141,-0.013,Male,ST,ST,1
25,1,26,7,0,0.0,2,625,1,676,25,650,26,-0.185,0.141,0.385,-0.013,0.022,Male,General,General,1
32,4,45,7,2,0.043,4,1024,16,2025,128,1440,180,-0.79,0.004,0.016,0.067,0.018,Male,OBC,OBC,1
40,2,49,19,0,0.0,3,1600,4,2401,80,1960,98,-0.409,-0.294,0.236,0.075,0.045,Female,General,General,1
29,2,45,9,1,0.035,2,841,4,2025,58,1305,90,0.196,0.222,-0.087,-0.063,-0.019,Male,OBC,OBC,1
35,3,60,13,0,0.0,3,1225,9,3600,105,2100,180,0.291,0.504,-0.062,-0.205,0.036,Male,OBC,OBC,1
52,3,39,30,0,0.0,3,2704,9,1521,156,2028,117,-0.008,0.103,-0.266,0.036,-0.034,Male,OBC,OBC,1
33,2,48,11,0,0.0,2,1089,4,2304,66,1584,96,0.578,0.575,-0.148,0.007,-0.071,Male,SC,SC,1
50,1,26,31,0,0.0,1,2500,1,676,50,1300,26,0.199,-0.458,0.105,0.056,-0.065,Male,SC,SC,0
26,1,35,7,4,0.213,1,676,1,1225,26,910,35,-0.374,-0.346,0.002,-0.023,-0.073,Female,General,General,1
46,4,48,20,0,0.0,4,2116,16,2304,184,2208,192,-0.14,0.257,0.189,-0.043,0.05,Male,General,General,1
57,1,50,39,1,0.047,1,3249,1,2500,57,2850,50,-0.701,0.079,0.036,0.201,-0.076,Male,OBC,OBC,1
20,1,36,0,0,0.0,1,400,1,1296,20,720,36,-0.054,0.394,-0.07,-0.147,0.014,Female,General,General,0
30,2,39,10,1,0.035,1,900,4,1521,60,1170,78,0.556,-0.005,0.43,0.073,-0.013,Female,General,General,1
46,2,21,26,4,0.147,3,2116,4,441,92,966,42,0.343,-0.26,-0.019,-0.057,-0.005,Male,OBC,OBC,1
37,2,35,15,0,0.0,2,1369,4,1225,74,1295,70,0.701,-0.064,0.233,-0.034,0.068,Male,General,General,1
44,4,50,19,4,0.078,4,1936,16,2500,176,2200,200,-0.151,-0.46,-0.08,-0.032,-0.022,Female,General,General,1
32,1,46,14,0,0.0,1,1024,1,2116,32,1472,46,0.673,-0.339,0.142,-0.08,0.031,Male,SC,SC,1
41,1,46,22,2,0.093,1,1681,1,2116,41,1886,46,-0.097,0.292,0.186,0.057,0.002,Female,General,General,1
38,1,40,16,1,0.053,2,1444,1,1600,38,1520,40,0.736,0.262,0.042,0.139,-0.008,Male,General,General,1
54,3,40,31,3,0.087,3,2916,9,1600,162,2160,120,-0.011,0.109,-0.471,0.047,0.115,Male,General,General,1
43,2,32,20,1,0.035,2,1849,4,1024,86,1376,64,0.354,-0.516,0.004,0.01,-0.072,Male,SC,SC,0
44,1,48,23,1,0.049,1,1936,1,2304,44,2112,48,0.738,-0.108,0.246,-0.099,0.064,Female,ST,ST,0
35,3,45,13,0,0.0,3,1225,9,2025,105,1575,135,-0.097,-0.367,0.105,0.052,0.033,Female,OBC,OBC,1
34,3,45,11,0,0.0,4,1156,9,2025,102,1530,135,0.109,0.353,0.089,0.216,-0.024,Male,General,General,1
34,3,33,12,4,0.128,3,1156,9,1089,102,1122,99,0.644,-0.175,-0.344,-0.038,0.081,Female,ST,ST,0
44,4,14,18,1,0.023,4,1936,16,196,176,616,56,-0.067,-0.326,-0.144,-0.038,-0.092,Male,OBC,OBC,1
34,1,53,13,1,0.045,1,1156,1,2809,34,1802,53,-0.66,0.009,0.082,-0.056,-0.026,Male,SC,SC,1
43,3,34,21,2,0.058,3,1849,9,1156,129,1462,102,1.072,-0.192,0.082,-0.049,-0.06,Female,OBC,OBC,1
64,2,29,42,1,0.04,2,4096,4,841,128,1856,58,-0.235,0.445,0.243,-0.275,0.021,Male,General,General,1
50,3,48,28,4,0.087,3,2500,9,2304,150,2400,144,0.079,-0.22,-0.029,0.041,-0.056,Female,General,General,1
36,3,35,13,2,0.053,3,1296,9,1225,108,1260,105,0.578,-0.42,0.081,-0.085,0.022,Female,General,General,1
54,3,52,31,1,0.023,3,2916,9,2704,162,2808,156,-0.304,-0.646,0.003,-0.161,-0.009,Female,General,General,1
35,2,47,14,3,0.103,3,1225,4,2209,70,1645,94,-0.504,-0.009,-0.197,0.075,-0.024,Female,SC,SC,0
20,1,48,1,0,0.0,1,400,1,2304,20,960,48,0.127,-0.169,-0.451,-0.108,0.019,Male,SC,SC,0
27,2,23,3,0,0.0,2,729,4,529,54,621,46,-0.897,-0.429,0.086,-0.034,-0.013,Male,OBC,OBC,1
20,4,54,0,1,0.02,4,400,16,2916,80,1080,216,-0.144,0.357,0.035,0.147,-0.054,Male,General,General,1
35,4,43,9,0,0.0,4,1225,16,1849,140,1505,172,0.123,0.2,-0.124,-0.141,0.14,Male,General,General,1
40,1,35,21,2,0.113,1,1600,1,1225,40,1400,35,-0.135,-0.008,-0.324,-0.153,-0.024,Male,General,General,1
60,1,41,38,4,0.203,1,3600,1,1681,60,2460,41,-0.772,0.409,0.126,0.027,-0.111,Male,General,General,1
43,1,18,24,1,0.07,1,1849,1,324,43,774,18,0.797,0.199,-0.053,0.115,-0.042,Female,General,General,1
37,3,44,11,1,0.027,2,1369,9,1936,111,1628,132,0.052,-0.247,0.111,-0.157,-0.063,Male,OBC,OBC,1
49,3,27,26,4,0.107,4,2401,9,729,147,1323,81,0.716,-0.312,0.373,0.041,0.041,Female,General,General,1
20,1,23,0,1,0.085,1,400,1,529,20,460,23,-0.13,0.245,-0.428,0.058,0.016,Female,ST,ST,0
42,2,21,19,1,0.047,1,1764,4,441,84,882,42,-0.44,0.119,-0.14,-0.206,0.02,Female,General,General,1
49,3,53,27,1,0.023,3,2401,9,2809,147,2597,159,0.135,0.051,-0.042,0.08,-0.019,Male,SC,SC,1
22,3,32,1,4,0.104,4,484,9,1024,66,704,96,-0.108,-0.254,0.291,0.088,-0.014,Male,OBC,OBC,1
53,2,58,31,1,0.031,3,2809,4,3364,106,3074,116,-0.589,0.182,-0.327,-0.031,-0.019,Male,General,General,1
44,2,33,24,2,0.081,2,1936,4,1089,88,1452,66,0.735,-0.227,0.387,0.125,-0.004,Male,SC,SC,1
35,2,19,12,3,0.128,1,1225,4,361,70,665,38,-0.311,-0.031,0.027,0.114,0.042,Male,OBC,OBC,1
47,1,26,28,1,0.064,1,2209,1,676,47,1222,26,-0.92,0.434,-0.019,0.01,0.017,Female,OBC,OBC,1
67,2,54,47,1,0.035,1,4489,4,2916,134,3618,108,0.664,-0.198,-0.04,-0.045,0.025,Male,OBC,OBC,1
42,2,38,21,3,0.111,3,1764,4,1444,84,1596,76,-0.252,-0.472,-0.087,-0.097,0.025,Female,General,General,1
42,3,33,17,1,0.026,2,1764,9,1089,126,1386,99,-0.304,-0.316,0.21,-0.004,0.044,Female,OBC,OBC,1
34,2,41,14,2,0.062,2,1156,4,1681,68,1394,82,-0.883,0.298,-0.214,0.057,0.014,Male,SC,SC,1
29,3,46,4,4,0.102,3,841,9,2116,87,1334,138,0.87,0.076,0.069,-0.032,0.018,Male,General,General,1
49,1,53,27,2,0.087,1,2401,1,2809,49,2597,53,-0.645,-0.039,-0.077,-0.22,0.059,Female,General,General,1
29,2,57,6,2,0.07,2,841,4,3249,58,1653,114,0.029,-0.153,-0.152,0.127,-0.033,Male,SC,SC,1
40,1,35,21,3,0.155,1,1600,1,1225,40,1400,35,0.456,0.146,0.517,0.019,-0.043,Female,General,General,1
34,1,24,14,3,0.211,1,1156,1,576,34,816,24,0.211,-0.255,0.084,-0.038,-0.059,Male,OBC,OBC,1
45,3,35,20,1,0.026,3,2025,9,1225,135,1575,105,-0.03,0.092,0.123,0.086,0.009,Female,OBC,OBC,1
44,4,43,18,0,0.0,4,1936,16,1849,176,1892,172,-0.851,-0.219,0.228,0.152,-0.093,Male,OBC,OBC,1
52,1,28,30,1,0.052,1,2704,1,784,52,1456,28,-0.405,-0.269,-0.284,-0.28,0.023,Male,General,General,1
33,2,28,13,2,0.08,2,1089,4,784,66,924,56,0.094,-0.191,0.35,0.043,-0.005,Female,General,General,1
36,3,44,14,1,0.024,3,1296,9,1936,108,1584,132,-0.394,-0.113,-0.502,-0.143,0.057,Male,General,General,1
28,1,39,8,2,0.11,1,784,1,1521,28,1092,39,0.102,-0.015,-0.154,0.05,-0.034,Male,OBC,OBC,1
34,2,40,14,1,0.035,3,1156,4,1600,68,1360,80,0.341,0.071,-0.092,0.013,-0.01,Male,OBC,OBC,1
44,3,30,19,2,0.055,4,1936,9,900,132,1320,90,0.481,-1.107,0.116,0.064,0.056,Male,OBC,OBC,1
49,2,37,27,0,0.0,3,2401,4,1369,98,1813,74,-0.613,-0.242,0.044,-0.05,0.069,Female,OBC,OBC,0
28,1,28,9,2,0.121,1,784,1,784,28,784,28,1.098,-0.117,-0.033,-0.187,-0.034,Female,General,General,1
50,1,50,29,1,0.048,1,2500,1,2500,50,2500,50,0.384,0.452,-0.002,-0.045,0.009,Female,General,General,1
56,3,52,31,0,0.0,3,3136,9,2704,168,2912,156,-0.001,-0.324,-0.196,0.041,0.015,Female,SC,SC,1
44,2,17,21,0,0.0,3,1936,4,289,88,748,34,0.545,0.049,-0.299,0.102,0.019,Male,General,General,1
62,1,28,43,2,0.11,2,3844,1,784,62,1736,28,1.183,0.449,0.145,-0.117,-0.013,Male,General,General,1
30,3,22,4,1,0.027,4,900,9,484,90,660,66,-0.719,-0.394,0.139,0.103,0.064,Female,General,General,1
25,1,32,7,0,0.0,1,625,1,1024,25,800,32,-0.113,0.118,0.317,-0.065,-0.094,Female,General,General,0
20,3,38,0,4,0.099,4,400,9,1444,60,760,114,-1.189,-0.241,-0.158,0.036,-0.021,Male,General,General,0
57,1,22,35,2,0.154,1,3249,1,484,57,1254,22,0.096,-0.151,0.139,-0.051,0.022,Male,SC,SC,1
47,4,28,21,4,0.084,3,2209,16,784,188,1316,112,0.183,-0.241,-0.057,0.018,0.023,Male,SC,SC,1
39,1,27,21,1,0.057,1,1521,1,729,39,1053,27,-0.02,-0.22,0.238,0.089,0.068,Female,SC,SC,0
43,1,42,24,1,0.064,1,1849,1,1764,43,1806,42,-0.327,0.817,0.204,-0.123,0.06,Female,ST,ST,1
26,1,40,5,3,0.156,1,676,1,1600,26,1040,40,-1.025,0.253,0.042,-0.068,-0.014,Male,SC,SC,1
69,1,31,48,1,0.061,1,4761,1,961,69,2139,31,0.187,0.331,-0.068,0.018,0.065,Female,OBC,OBC,1
41,3,42,18,2,0.053,3,1681,9,1764,123,1722,126,0.728,0.148,0.192,0.24,-0.036,Male,General,General,1
41,4,33,13,0,0.0,4,1681,16,1089,164,1353,132,-0.296,-0.482,0.129,-0.086,0.047,Male,SC,SC,1
48,1,36,26,1,0.059,2,2304,1,1296,48,1728,36,0.22,0.118,-0.137,0.204,0.091,Female,General,General,1
45,2,60,23,0,0.0,2,2025,4,3600,90,2700,120,-0.784,0.322,-0.266,0.2,0.061,Male,General,General,1
42,3,56,19,0,0.0,3,1764,9,3136,126,2352,168,0.229,-0.256,-0.058,-0.01,0.005,Male,General,General,1
30,3,24,4,0,0.0,4,900,9,576,90,720,72,-0.197,0.29,0.303,-0.03,-0.017,Female,OBC,OBC,1
45,2,49,24,0,0.0,3,2025,4,2401,90,2205,98,-0.381,0.211,0.229,-0.069,-0.076,Female,General,General,1
62,1,49,44,4,0.173,1,3844,1,2401,62,3038,49,-0.38,0.556,-0.222,-0.007,0.016,Female,General,General,0
56,2,26,33,0,0.0,2,3136,4,676,112,1456,52,-0.197,-0.125,-0.234,-0.141,-0.056,Male,General,General,1
59,2,49,36,2,0.076,2,3481,4,2401,118,2891,98,0.191,-0.329,0.255,-0.008,-0.04,Male,SC,SC,1
33,1,58,12,3,0.139,1,1089,1,3364,33,1914,58,-0.656,-0.108,-0.227,0.15,-0.06,Female,OBC,OBC,1
28,2,26,7,1,0.04,2,784,4,676,56,728,52,-0.199,0.431,0.102,-0.061,-0.023,Female,SC,SC,1
38,1,28,19,0,0.0,2,1444,1,784,38,1064,28,-0.021,-0.549,-0.123,-0.024,-0.001,Female,General,General,1
40,3,52,16,2,0.055,2,1600,9,2704,120,2080,156,-0.55,-0.621,0.323,-0.17,0.014,Male,General,General,1
53,1,43,32,2,0.081,2,2809,1,1849,53,2279,43,0.898,0.027,-0.154,0.037,-0.03,Male,OBC,OBC,1
20,2,46,0,2,0.064,3,400,4,2116,40,920,92,-0.427,-0.133,0.229,0.026,0.053,Female,General,General,0
58,2,44,35,2,0.066,3,3364,4,1936,116,2552,88,-0.335,0.002,0.037,0.006,-0.01,Female,OBC,OBC,1
38,2,44,16,4,0.124,2,1444,4,1936,76,1672,88,-0.489,0.284,0.05,-0.022,-0.039,Male,SC,SC,1
34,1,24,14,1,0.049,2,1156,1,576,34,816,24,0.899,-0.166,-0.394,-0.029,0.011,Male,OBC,OBC,1
27,2,52,7,1,0.03,2,729,4,2704,54,1404,104,0.276,-0.562,-0.441,0.05,0.098,Male,ST,ST,1
20,2,54,0,2,0.059,2,400,4,2916,40,1080,108,-0.468,0.613,-0.044,-0.003,0.017,Male,General,General,1
49,2,37,28,0,0.0,1,2401,4,1369,98,1813,74,0.553,-0.299,0.049,0.031,-0.018,Male,General,General,1
40,2,39,18,3,0.105,1,1600,4,1521,80,1560,78,0.1,-0.318,-0.225,0.021,-0.076,Male,OBC,OBC,1
24,2,21,1,0,0.0,2,576,4,441,48,504,42,0.129,0.331,-0.218,0.112,-0.011,Female,General,General,1
24,3,46,0,1,0.026,3,576,9,2116,72,1104,138,-0.172,-0.115,0.112,0.068,0.012,Male,General,General,1
35,1,46,13,3,0.159,1,1225,1,2116,35,1610,46,-0.375,-0.019,0.113,0.019,-0.019,Female,General,General,1
60,3,39,35,1,0.028,2,3600,9,1521,180,2340,117,0.169,0.145,-0.028,0.152,-0.083,Male,General,General,1
36,2,53,12,1,0.032,2,1296,4,2809,72,1908,106,-0.273,0.325,0.156,0.042,-0.043,Female,General,General,1
21,1,35,0,1,0.068,1,441,1,1225,21,735,35,0.908,-0.1,-0.235,0.13,0.073,Male,General,General,0
37,1,46,18,3,0.146,2,1369,1,2116,37,1702,46,-0.635,0.456,-0.071,0.061,0.072,Female,OBC,OBC,1
36,1,27,17,1,0.061,1,1296,1,729,36,972,27,0.768,-0.641,0.33,-0.184,-0.044,Female,OBC,OBC,0
20,3,39,1,3,0.077,2,400,9,1521,60,780,117,-0.056,0.228,0.014,0.13,0.034,Female,OBC,OBC,0
39,3,37,13,0,0.0,3,1521,9,1369,117,1443,111,0.15,-0.252,0.025,0.014,-0.059,Female,OBC,OBC,1
37,3,42,15,2,0.044,3,1369,9,1764,111,1554,126,0.417,0.412,0.461,-0.005,0.07,Male,General,General,1
48,2,35,25,3,0.098,2,2304,4,1225,96,1680,70,-0.315,0.043,-0.28,0.028,0.012,Female,General,General,1
62,2,38,41,0,0.0,2,3844,4,1444,124,2356,76,0.432,-0.202,0.159,-0.034,0.047,Female,General,General,1
53,1,49,32,1,0.047,2,2809,1,2401,53,2597,49,-1.354,0.199,0.333,0.023,-0.086,Female,SC,SC,0
36,1,34,14,0,0.0,1,1296,1,1156,36,1224,34,-0.36,0.268,-0.065,-0.059,0.034,Male,OBC,OBC,1
26,2,20,6,2,0.087,1,676,4,400,52,520,40,-0.462,0.193,0.172,0.127,-0.0,Female,General,General,0
70,1,60,48,1,0.049,1,4900,1,3600,70,4200,60,-0.627,-0.309,-0.196,-0.011,0.043,Male,General,General,1
40,1,56,19,2,0.087,2,1600,1,3136,40,2240,56,-0.107,-0.145,-0.137,-0.038,0.046,Male,ST,ST,1
40,2,24,20,0,0.0,2,1600,4,576,80,960,48,0.193,-0.001,0.077,-0.092,0.003,Male,OBC,OBC,1
39,3,48,17,0,0.0,2,1521,9,2304,117,1872,144,0.351,-0.012,0.16,0.027,-0.03,Male,SC,SC,0
42,4,33,14,0,0.0,4,1764,16,1089,168,1386,132,0.12,0.225,0.224,0.019,0.039,Female,General,General,1
38,4,43,13,1,0.019,4,1444,16,1849,152,1634,172,-0.333,-0.604,0.314,0.039,-0.003,Female,General,General,1
33,2,43,10,1,0.036,2,1089,4,1849,66,1419,86,0.185,0.1,-0.013,-0.103,-0.044,Female,SC,SC,1
33,2,37,11,3,0.102,1,1089,4,1369,66,1221,74,0.062,-0.087,0.239,-0.16,-0.046,Female,OBC,OBC,0
39,2,30,17,2,0.071,1,1521,4,900,78,1170,60,0.468,-0.252,-0.068,0.063,-0.074,Female,OBC,OBC,1
33,3,31,7,1,0.028,3,1089,9,961,99,1023,93,0.388,-0.223,0.18,0.148,-0.026,Female,OBC,OBC,1
31,1,29,10,4,0.262,1,961,1,841,31,899,29,0.015,-0.064,0.041,-0.103,0.055,Male,OBC,OBC,1
41,2,30,18,2,0.066,2,1681,4,900,82,1230,60,-0.449,-1.08,0.089,0.159,0.009,Female,OBC,OBC,1
36,3,39,10,4,0.102,3,1296,9,1521,108,1404,117,-0.326,-0.21,0.085,0.028,-0.026,Female,General,General,1
58,1,31,37,1,0.054,1,3364,1,961,58,1798,31,-0.275,-0.263,-0.321,-0.001,0.04,Female,General,General,1
20,2,48,1,0,0.0,3,400,4,2304,40,960,96,-0.158,0.16,-0.225,-0.04,-0.042,Female,SC,SC,0
53,2,57,29,0,0.0,3,2809,4,3249,106,3021,114,0.134,-0.242,0.021,-0.138,0.005,Female,General,General,1
54,1,33,35,2,0.121,1,2916,1,1089,54,1782,33,0.358,-0.065,-0.337,0.099,-0.009,Male,OBC,OBC,1
20,1,42,0,0,0.0,1,400,1,1764,20,840,42,-0.026,0.463,0.166,-0.078,0.039,Male,OBC,OBC,0
35,1,45,13,1,0.056,1,1225,1,2025,35,1575,45,0.008,0.298,0.174,-0.078,-0.079,Female,ST,ST,0
35,1,45,14,1,0.05,1,1225,1,2025,35,1575,45,0.072,0.271,0.065,0.099,-0.043,Male,General,General,0
23,1,40,1,1,0.064,1,529,1,1600,23,920,40,-0.258,-0.15,-0.224,-0.188,-0.082,Female,General,General,1
30,3,48,5,2,0.052,4,900,9,2304,90,1440,144,-0.463,0.163,0.276,-0.152,-0.013,Male,SC,SC,1
26,1,45,7,0,0.0,1,676,1,2025,26,1170,45,-0.878,-0.07,0.407,-0.002,0.061,Male,SC,SC,1
61,2,25,40,1,0.037,2,3721,4,625,122,1525,50,-0.348,-0.059,0.029,0.029,-0.025,Female,OBC,OBC,1
51,1,50,30,2,0.099,1,2601,1,2500,51,2550,50,0.237,0.123,0.102,0.048,-0.026,Male,General,General,1
55,4,50,27,4,0.082,4,3025,16,2500,220,2750,200,-0.351,-0.179,0.04,-0.03,0.044,Female,General,General,1
48,1,30,28,2,0.134,1,2304,1,900,48,1440,30,-0.119,0.448,0.106,0.253,0.053,Male,OBC,OBC,1
26,2,40,5,4,0.142,2,676,4,1600,52,1040,80,0.233,-0.048,-0.024,-0.023,-0.004,Male,SC,SC,0
33,3,48,10,2,0.048,3,1089,9,2304,99,1584,144,0.26,0.186,-0.007,-0.023,0.034,Female,SC,SC,1
45,3,37,21,1,0.025,4,2025,9,1369,135,1665,111,-0.54,0.437,0.181,-0.08,-0.054,Male,General,General,1
25,1,52,4,0,0.0,1,625,1,2704,25,1300,52,0.499,0.309,0.469,0.012,0.069,Female,General,General,1
48,3,68,22,2,0.047,4,2304,9,4624,144,3264,204,0.564,-0.423,-0.28,0.061,0.107,Female,General,General,1
37,2,30,14,2,0.073,3,1369,4,900,74,1110,60,-0.565,0.133,-0.021,0.12,0.026,Male,ST,ST,1
35,2,23,15,2,0.083,2,1225,4,529,70,805,46,-0.412,0.255,-0.236,-0.149,-0.104,Female,OBC,OBC,1
48,1,43,29,1,0.054,1,2304,1,1849,48,2064,43,0.596,0.268,0.318,-0.025,-0.028,Female,General,General,1
45,1,48,27,1,0.043,1,2025,1,2304,45,2160,48,-0.073,-0.334,-0.118,0.045,0.031,Male,General,General,1
35,3,37,12,1,0.025,4,1225,9,1369,105,1295,111,-1.11,-0.197,-0.289,0.059,-0.021,Male,OBC,OBC,1
53,2,57,32,1,0.031,2,2809,4,3249,106,3021,114,-0.7,0.298,0.128,0.001,0.064,Male,General,General,1
27,2,23,7,0,0.0,2,729,4,529,54,621,46,-0.125,-0.229,0.349,0.054,0.029,Female,SC,SC,0
47,3,48,25,3,0.073,3,2209,9,2304,141,2256,144,-0.582,-0.09,0.133,-0.081,-0.035,Female,OBC,OBC,1
47,3,32,22,0,0.0,2,2209,9,1024,141,1504,96,-0.207,0.473,0.041,0.156,0.002,Female,General,General,1
36,1,60,18,0,0.0,2,1296,1,3600,36,2160,60,0.016,-0.014,0.082,0.099,-0.045,Female,General,General,1
43,2,63,20,1,0.028,1,1849,4,3969,86,2709,126,0.731,-0.218,0.283,-0.134,-0.009,Female,SC,SC,0
24,1,30,3,2,0.102,1,576,1,900,24,720,30,-0.145,-0.263,-0.175,-0.108,-0.028,Female,General,General,0
51,3,33,26,1,0.024,3,2601,9,1089,153,1683,99,0.536,0.1,-0.022,-0.105,0.059,Female,General,General,1
37,2,50,16,0,0.0,3,1369,4,2500,74,1850,100,0.714,-0.4,-0.091,0.068,0.106,Male,ST,ST,0
33,4,35,8,1,0.02,4,1089,16,1225,132,1155,140,0.717,-0.074,-0.234,-0.128,-0.072,Female,SC,SC,1
52,1,39,34,1,0.046,1,2704,1,1521,52,2028,39,0.142,0.1,-0.066,-0.033,-0.096,Female,SC,SC,1
31,1,40,12,4,0.201,1,961,1,1600,31,1240,40,-0.982,0.39,0.222,0.045,-0.012,Female,General,General,1
23,1,16,5,4,0.303,1,529,1,256,23,368,16,0.23,0.2,0.113,-0.007,-0.076,Female,General,General,0
21,1,39,2,1,0.056,1,441,1,1521,21,819,39,0.524,-0.214,0.129,0.026,0.002,Male,General,General,1
47,1,31,25,1,0.057,1,2209,1,961,47,1457,31,-0.041,0.354,0.029,-0.107,0.037,Female,General,General,1
24,4,34,0,2,0.044,4,576,16,1156,96,816,136,0.872,-0.09,0.105,0.059,0.075,Male,SC,SC,1
61,1,57,43,0,0.0,1,3721,1,3249,61,3477,57,0.43,-0.371,-0.16,-0.061,0.01,Female,General,General,1
20,1,24,1,1,0.056,1,400,1,576,20,480,24,0.284,-0.052,-0.062,-0.032,-0.01,Male,OBC,OBC,1
60,3,49,37,1,0.027,3,3600,9,2401,180,2940,147,0.543,0.431,0.038,0.024,-0.099,Female,General,General,1
42,2,36,19,4,0.128,2,1764,4,1296,84,1512,72,0.167,0.05,0.056,0.01,0.001,Female,General,General,1
38,3,36,14,0,0.0,4,1444,9,1296,114,1368,108,-1.246,0.004,0.064,0.002,0.004,Female,ST,ST,0
33,1,49,15,1,0.05,2,1089,1,2401,33,1617,49,-0.25,0.491,-0.028,-0.075,0.032,Male,General,General,1
44,2,44,22,2,0.065,2,1936,4,1936,88,1936,88,0.599,-0.429,-0.075,-0.03,-0.035,Female,General,General,1
39,1,46,19,1,0.049,1,1521,1,2116,39,1794,46,-0.404,-0.386,0.632,0.0,-0.022,Female,General,General,1
53,1,51,35,0,0.0,1,2809,1,2601,53,2703,51,-0.112,-0.485,0.181,-0.138,-0.074,Female,General,General,1
41,4,36,16,4,0.08,3,1681,16,1296,164,1476,144,-0.522,0.112,0.083,-0.046,-0.115,Male,General,General,1
41,1,32,23,1,0.068,1,1681,1,1024,41,1312,32,0.892,0.05,-0.047,0.039,-0.055,Female,General,General,1
35,2,26,13,2,0.073,2,1225,4,676,70,910,52,0.841,0.463,-0.09,-0.128,-0.079,Male,OBC,OBC,1
39,2,30,18,0,0.0,2,1521,4,900,78,1170,60,-0.442,0.073,-0.026,0.116,0.017,Female,SC,SC,0
43,1,70,21,1,0.04,2,1849,1,4900,43,3010,70,0.074,-0.121,0.059,0.127,-0.026,Male,OBC,OBC,1
20,3,54,2,1,0.025,3,400,9,2916,60,1080,162,-0.34,0.001,-0.376,-0.125,-0.027,Female,General,General,0
23,1,23,5,0,0.0,1,529,1,529,23,529,23,0.307,0.035,-0.314,0.136,-0.049,Female,OBC,OBC,1
48,2,24,27,0,0.0,2,2304,4,576,96,1152,48,0.255,-0.502,-0.127,-0.014,-0.162,Male,General,General,1
42,4,45,14,3,0.062,4,1764,16,2025,168,1890,180,0.406,0.813,0.041,0.042,0.075,Male,OBC,OBC,1
37,2,46,13,0,0.0,2,1369,4,2116,74,1702,92,0.166,0.156,-0.048,-0.05,-0.05,Female,OBC,OBC,1
40,4,46,15,0,0.0,4,1600,16,2116,160,1840,184,1.468,0.063,0.296,0.092,-0.021,Male,General,General,1
44,1,36,23,1,0.052,1,1936,1,1296,44,1584,36,-0.514,0.185,-0.296,0.041,-0.073,Female,SC,SC,1
33,2,38,13,2,0.069,2,1089,4,1444,66,1254,76,-0.855,0.213,-0.15,-0.081,0.049,Male,SC,SC,1
30,1,43,12,0,0.0,2,900,1,1849,30,1290,43,-0.197,-0.042,0.304,-0.117,0.007,Male,SC,SC,1
42,3,41,18,1,0.025,3,1764,9,1681,126,1722,123,-0.784,-0.189,0.026,-0.146,-0.041,Male,General,General,1
28,4,13,3,0,0.0,3,784,16,169,112,364,52,-0.746,0.18,0.177,0.019,-0.02,Female,OBC,OBC,1
44,1,37,24,0,0.0,1,1936,1,1369,44,1628,37,-0.501,0.116,0.41,0.057,0.084,Male,SC,SC,1
20,2,29,0,0,0.0,2,400,4,841,40,580,58,-0.461,-0.243,-0.139,0.065,-0.004,Female,General,General,1
52,1,42,30,3,0.158,1,2704,1,1764,52,2184,42,-0.477,0.426,-0.02,-0.012,-0.009,Female,SC,SC,0
45,2,70,25,0,0.0,2,2025,4,4900,90,3150,140,0.259,0.088,-0.054,-0.116,-0.047,Male,General,General,1
43,2,44,21,0,0.0,3,1849,4,1936,86,1892,88,-0.253,0.219,-0.391,-0.068,-0.095,Female,General,General,1
51,4,36,23,1,0.02,4,2601,16,1296,204,1836,144,-0.09,0.418,-0.062,0.115,-0.008,Male,OBC,OBC,1
59,2,51,38,3,0.098,1,3481,4,2601,118,3009,102,0.447,0.007,0.176,-0.048,0.016,Female,OBC,OBC,1
52,1,45,32,0,0.0,2,2704,1,2025,52,2340,45,-0.383,0.095,0.108,0.014,0.055,Male,SC,SC,1
20,1,45,2,1,0.051,1,400,1,2025,20,900,45,-0.132,0.243,0.124,-0.108,-0.112,Male,ST,ST,0
24,1,47,4,0,0.0,1,576,1,2209,24,1128,47,0.183,-0.217,-0.075,0.034,-0.056,Female,General,General,0
32,1,64,13,1,0.044,1,1024,1,4096,32,2048,64,-0.971,0.016,-0.131,-0.046,-0.029,Female,General,General,1
40,1,26,20,1,0.064,2,1600,1,676,40,1040,26,-1.192,0.038,0.254,0.105,-0.0,Male,SC,SC,1
46,3,45,24,1,0.026,3,2116,9,2025,138,2070,135,0.173,-0.287,-0.099,0.077,-0.007,Female,General,General,1
31,2,28,7,1,0.035,2,961,4,784,62,868,56,0.246,0.695,0.059,-0.05,-0.006,Male,OBC,OBC,1
42,2,46,22,1,0.034,2,1764,4,2116,84,1932,92,1.032,-0.422,0.033,-0.013,0.02,Female,OBC,OBC,1
30,1,28,8,0,0.0,1,900,1,784,30,840,28,0.079,-0.389,0.292,-0.055,-0.045,Female,General,General,1
32,3,34,7,1,0.024,2,1024,9,1156,96,1088,102,0.41,0.394,0.194,-0.142,0.047,Male,General,General,1
23,3,36,2,0,0.0,4,529,9,1296,69,828,108,-0.098,0.214,-0.259,-0.086,0.022,Male,OBC,OBC,1
28,1,51,10,2,0.104,1,784,1,2601,28,1428,51,0.149,-0.308,-0.238,0.02,-0.016,Male,SC,SC,0
23,3,51,1,4,0.108,3,529,9,2601,69,1173,153,0.834,0.182,0.116,0.033,0.08,Male,OBC,OBC,1
28,2,25,6,4,0.173,1,784,4,625,56,700,50,-1.062,0.44,-0.013,0.015,0.078,Male,OBC,OBC,0
52,1,40,30,3,0.185,1,2704,1,1600,52,2080,40,0.207,-0.009,-0.091,-0.03,0.047,Female,General,General,1
28,2,31,4,2,0.067,1,784,4,961,56,868,62,1.068,0.78,0.203,0.093,-0.151,Female,General,General,0
70,2,24,49,2,0.077,1,4900,4,576,140,1680,48,0.141,-0.517,0.037,0.006,0.079,Male,General,General,1
45,1,37,26,0,0.0,1,2025,1,1369,45,1665,37,0.825,0.208,0.01,0.07,0.04,Female,General,General,1
42,4,36,16,2,0.046,4,1764,16,1296,168,1512,144,-0.315,0.35,0.156,-0.177,0.1,Female,General,General,1
29,3,69,5,1,0.024,3,841,9,4761,87,2001,207,-0.016,0.267,-0.075,-0.392,0.062,Female,General,General,1
48,2,45,28,1,0.031,1,2304,4,2025,96,2160,90,0.017,-0.061,0.314,0.028,0.079,Female,General,General,1
33,2,23,10,2,0.076,2,1089,4,529,66,759,46,-1.109,-0.087,-0.158,-0.142,0.044,Female,General,General,0
41,2,33,19,0,0.0,1,1681,4,1089,82,1353,66,-0.584,0.133,0.131,-0.021,0.067,Male,General,General,1
70,2,52,49,1,0.031,3,4900,4,2704,140,3640,104,-0.548,0.245,0.287,-0.03,0.1,Male,OBC,OBC,1
38,2,65,16,4,0.107,2,1444,4,4225,76,2470,130,0.411,0.181,-0.275,0.159,0.011,Male,OBC,OBC,1
53,1,20,31,0,0.0,1,2809,1,400,53,1060,20,0.436,0.312,-0.069,0.04,-0.079,Male,General,General,1
31,2,17,8,1,0.041,2,961,4,289,62,527,34,0.162,-0.306,0.228,0.017,-0.015,Male,ST,ST,1
39,3,62,17,4,0.091,2,1521,9,3844,117,2418,186,0.412,-0.068,0.231,0.084,0.019,Female,General,General,1
61,2,44,37,2,0.058,3,3721,4,1936,122,2684,88,-0.082,-0.282,-0.034,0.037,0.004,Male,SC,SC,0
32,1,29,10,1,0.079,1,1024,1,841,32,928,29,0.601,-0.116,-0.147,-0.046,-0.062,Female,General,General,0
61,3,46,36,0,0.0,3,3721,9,2116,183,2806,138,0.004,0.305,0.191,0.107,-0.082,Male,SC,SC,0
48,1,10,30,1,0.078,1,2304,1,100,48,480,10,0.029,0.032,0.237,-0.111,-0.037,Female,General,General,1
33,1,40,14,3,0.149,1,1089,1,1600,33,1320,40,-0.133,0.782,-0.233,0.032,0.04,Female,OBC,OBC,1
47,1,43,29,1,0.055,2,2209,1,1849,47,2021,43,0.342,0.058,-0.241,-0.155,0.079,Male,General,General,1
51,1,51,31,1,0.047,1,2601,1,2601,51,2601,51,-0.211,0.018,0.045,0.02,0.046,Male,OBC,OBC,1
47,3,27,21,0,0.0,3,2209,9,729,141,1269,81,0.488,0.032,0.126,0.019,0.053,Female,General,General,1
21,2,41,0,0,0.0,1,441,4,1681,42,861,82,-0.566,-0.191,-0.06,0.168,-0.004,Male,General,General,1
31,1,28,12,4,0.22,1,961,1,784,31,868,28,-0.549,-0.017,0.136,-0.156,-0.087,Male,OBC,OBC,1
37,3,43,13,1,0.026,4,1369,9,1849,111,1591,129,0.344,0.338,-0.142,-0.06,-0.023,Male,General,General,1
39,3,29,17,2,0.056,3,1521,9,841,117,1131,87,-0.044,0.034,-0.423,0.082,-0.013,Female,ST,ST,1
47,3,35,23,0,0.0,3,2209,9,1225,141,1645,105,-0.227,-0.238,-0.085,0.034,-0.025,Female,General,General,1
42,1,28,23,2,0.154,1,1764,1,784,42,1176,28,0.445,-0.278,0.013,0.018,0.003,Female,General,General,1
23,2,47,2,4,0.134,2,529,4,2209,46,1081,94,-0.304,-0.135,-0.055,-0.096,0.022,Female,OBC,OBC,1
44,4,50,19,1,0.019,4,1936,16,2500,176,2200,200,-0.1,0.022,-0.232,-0.059,0.043,Female,General,General,1
47,3,37,25,0,0.0,3,2209,9,1369,141,1739,111,0.7,0.358,-0.363,0.125,-0.014,Female,General,General,1
46,1,40,27,1,0.047,1,2116,1,1600,46,1840,40,0.77,-0.402,-0.103,-0.005,-0.095,Female,OBC,OBC,1
52,1,22,30,2,0.122,1,2704,1,484,52,1144,22,0.786,-0.096,0.18,0.038,-0.024,Male,SC,SC,1
50,2,36,29,1,0.037,2,2500,4,1296,100,1800,72,-0.141,0.043,0.251,-0.012,0.002,Male,ST,ST,1
45,4,39,19,3,0.062,4,2025,16,1521,180,1755,156,0.615,-0.55,0.238,-0.118,0.061,Female,General,General,1
39,2,70,17,2,0.052,1,1521,4,4900,78,2730,140,-0.474,-0.25,-0.163,0.093,-0.028,Female,OBC,OBC,1
20,2,26,0,3,0.108,2,400,4,676,40,520,52,-0.453,-0.204,-0.231,0.05,0.026,Male,General,General,0
45,1,57,27,2,0.089,1,2025,1,3249,45,2565,57,-1.175,-0.239,0.099,0.231,0.015,Male,General,General,1
42,2,51,20,0,0.0,2,1764,4,2601,84,2142,102,0.836,0.058,0.127,-0.102,0.002,Female,OBC,OBC,1
43,3,43,21,1,0.025,3,1849,9,1849,129,1849,129,-0.432,-0.048,0.08,0.082,0.047,Female,General,General,1
24,1,61,6,0,0.0,2,576,1,3721,24,1464,61,-0.063,-0.167,-0.403,-0.131,-0.033,Male,General,General,1
27,3,44,4,4,0.112,3,729,9,1936,81,1188,132,-0.455,0.128,-0.173,0.016,-0.029,Female,General,General,1
52,4,44,24,2,0.037,4,2704,16,1936,208,2288,176,0.348,0.517,-0.006,0.098,-0.001,Female,OBC,OBC,1
39,1,39,20,2,0.105,1,1521,1,1521,39,1521,39,-0.188,0.492,0.097,-0.207,-0.032,Female,SC,SC,1
48,2,54,27,1,0.031,1,2304,4,2916,96,2592,108,-0.652,-0.577,0.153,-0.02,0.025,Male,OBC,OBC,1
40,1,53,22,0,0.0,1,1600,1,2809,40,2120,53,0.221,0.173,0.029,-0.056,-0.036,Male,General,General,1
40,3,32,18,2,0.056,3,1600,9,1024,120,1280,96,-0.717,-0.053,0.066,-0.07,0.011,Male,SC,SC,1
51,2,24,29,1,0.039,1,2601,4,576,102,1224,48,-0.419,0.047,0.017,0.039,-0.005,Male,OBC,OBC,1
33,2,37,11,0,0.0,2,1089,4,1369,66,1221,74,-1.053,-0.119,0.137,0.112,0.011,Female,General,General,1
41,3,30,18,2,0.048,3,1681,9,900,123,1230,90,-0.712,0.035,0.063,-0.013,-0.023,Male,General,General,1
34,1,39,13,0,0.0,1,1156,1,1521,34,1326,39,0.089,0.045,0.013,0.021,-0.017,Female,General,General,1
34,4,54,7,1,0.02,4,1156,16,2916,136,1836,216,-0.982,-0.174,-0.054,0.011,0.005,Male,General,General,1
36,2,34,14,1,0.037,2,1296,4,1156,72,1224,68,-0.741,-0.269,0.016,0.0,0.01,Male,SC,SC,1
42,1,39,21,0,0.0,1,1764,1,1521,42,1638,39,-0.001,-0.135,0.097,-0.109,-0.0,Female,General,General,1
34,2,40,12,4,0.138,2,1156,4,1600,68,1360,80,-0.272,0.07,0.053,0.111,0.085,Female,General,General,1
55,3,50,33,0,0.0,3,3025,9,2500,165,2750,150,0.996,0.18,0.076,0.03,-0.05,Male,SC,SC,1
29,1,13,10,0,0.0,1,841,1,169,29,377,13,0.917,0.256,0.269,0.039,-0.003,Female,SC,SC,0
37,3,32,11,0,0.0,3,1369,9,1024,111,1184,96,-0.434,-0.148,0.053,-0.081,-0.079,Female,OBC,OBC,1
34,4,42,9,2,0.04,4,1156,16,1764,136,1428,168,0.279,0.085,-0.13,-0.046,0.019,Female,General,General,1
57,1,54,37,1,0.043,1,3249,1,2916,57,3078,54,0.375,0.289,0.177,-0.018,-0.056,Female,General,General,1
42,4,34,16,1,0.019,4,1764,16,1156,168,1428,136,-0.299,0.35,-0.273,-0.153,-0.014,Male,General,General,1
52,1,17,33,0,0.0,1,2704,1,289,52,884,17,-0.748,-0.018,-0.216,-0.169,-0.019,Female,General,General,1
22,1,47,2,0,0.0,2,484,1,2209,22,1034,47,-0.006,-0.066,0.067,-0.06,0.014,Female,General,General,0
43,1,32,22,1,0.048,1,1849,1,1024,43,1376,32,-0.086,0.057,0.103,0.052,-0.028,Male,OBC,OBC,1
50,3,25,25,3,0.082,3,2500,9,625,150,1250,75,-0.218,-0.345,-0.249,-0.065,-0.03,Male,General,General,1
40,2,32,18,3,0.106,2,1600,4,1024,80,1280,64,0.221,-0.058,-0.077,-0.102,0.072,Female,General,General,1
52,1,37,32,0,0.0,1,2704,1,1369,52,1924,37,-0.375,0.223,-0.121,-0.081,0.014,Male,General,General,1
33,2,32,10,1,0.037,2,1089,4,1024,66,1056,64,-0.576,0.193,-0.097,-0.046,-0.028,Male,OBC,OBC,1
56,2,13,34,4,0.182,1,3136,4,169,112,728,26,0.055,-0.081,0.189,-0.035,-0.013,Female,OBC,OBC,1
67,1,50,47,1,0.044,1,4489,1,2500,67,3350,50,0.193,0.065,0.141,0.217,0.082,Male,OBC,OBC,1
35,3,55,12,3,0.068,3,1225,9,3025,105,1925,165,-0.588,-0.247,-0.004,0.105,-0.012,Male,General,General,1
34,3,47,8,0,0.0,3,1156,9,2209,102,1598,141,0.464,0.211,-0.109,0.102,-0.034,Female,General,General,1
57,2,26,34,4,0.153,2,3249,4,676,114,1482,52,-0.885,-0.023,-0.27,0.117,-0.034,Female,General,General,1
58,4,37,33,2,0.039,4,3364,16,1369,232,2146,148,-0.289,-0.083,0.284,-0.1,-0.027,Male,General,General,1
33,2,39,9,4,0.141,2,1089,4,1521,66,1287,78,-0.129,-0.109,0.118,-0.122,-0.03,Female,SC,SC,1
34,4,47,8,2,0.039,4,1156,16,2209,136,1598,188,-0.318,-0.019,-0.141,-0.111,-0.064,Female,ST,ST,1
36,2,48,14,1,0.032,1,1296,4,2304,72,1728,96,-0.283,-0.134,0.144,0.133,-0.056,Female,OBC,OBC,1
23,2,31,2,4,0.143,2,529,4,961,46,713,62,0.936,0.197,-0.014,-0.055,-0.041,Male,SC,SC,0
28,1,40,8,0,0.0,1,784,1,1600,28,1120,40,-0.425,-0.119,-0.057,-0.125,0.03,Male,OBC,OBC,0
27,3,45,5,1,0.027,3,729,9,2025,81,1215,135,1.221,0.478,0.087,-0.043,-0.019,Male,General,General,1
30,2,57,9,2,0.066,2,900,4,3249,60,1710,114,0.219,0.44,-0.148,-0.024,-0.01,Female,ST,ST,0
39,1,48,17,2,0.091,2,1521,1,2304,39,1872,48,0.046,-0.267,-0.069,0.027,0.064,Female,General,General,1
42,1,49,23,4,0.192,2,1764,1,2401,42,2058,49,0.238,0.021,0.024,0.025,0.065,Female,OBC,OBC,1
58,2,41,35,0,0.0,2,3364,4,1681,116,2378,82,1.265,-0.195,-0.1,-0.083,-0.014,Female,General,General,1
28,2,56,7,2,0.064,2,784,4,3136,56,1568,112,-0.497,-0.098,0.134,0.069,-0.032,Female,General,General,1
51,3,44,27,2,0.051,3,2601,9,1936,153,2244,132,-0.56,0.601,0.374,-0.064,-0.043,Male,OBC,OBC,1
37,3,29,13,0,0.0,3,1369,9,841,111,1073,87,-0.377,-0.092,-0.151,-0.016,0.035,Female,General,General,1
39,1,56,21,1,0.046,1,1521,1,3136,39,2184,56,0.016,0.108,-0.333,0.069,-0.01,Female,General,General,1
48,3,48,26,0,0.0,3,2304,9,2304,144,2304,144,-0.863,0.162,-0.4,-0.064,-0.019,Female,General,General,1
26,1,34,8,1,0.052,2,676,1,1156,26,884,34,0.011,-0.3,-0.03,-0.057,-0.041,Male,General,General,0
44,3,34,18,4,0.107,3,1936,9,1156,132,1496,102,0.847,-0.257,-0.133,0.059,-0.038,Female,ST,ST,1
41,3,43,19,2,0.05,3,1681,9,1849,123,1763,129,0.076,-0.362,0.042,-0.086,0.016,Male,SC,SC,1
45,2,45,21,2,0.06,2,2025,4,2025,90,2025,90,-0.146,-0.266,0.027,-0.038,-0.066,Male,General,General,1
43,3,42,21,4,0.102,4,1849,9,1764,129,1806,126,-0.309,-0.855,-0.321,0.056,0.05,Female,General,General,1
69,1,43,47,1,0.05,1,4761,1,1849,69,2967,43,0.449,0.163,-0.363,0.205,-0.027,Female,SC,SC,0
32,2,60,11,3,0.098,2,1024,4,3600,64,1920,120,-0.413,0.616,0.059,0.061,-0.007,Male,General,General,1
33,3,52,10,1,0.024,3,1089,9,2704,99,1716,156,0.923,0.044,0.027,0.047,-0.067,Female,General,General,1
32,2,42,10,3,0.098,3,1024,4,1764,64,1344,84,0.967,-0.425,-0.085,0.053,-0.001,Male,General,General,1
33,1,51,11,0,0.0,1,1089,1,2601,33,1683,51,0.128,-0.193,-0.331,-0.107,-0.016,Male,SC,SC,1
32,2,27,9,4,0.149,3,1024,4,729,64,864,54,-0.006,-0.138,0.094,0.012,-0.003,Male,General,General,1
54,3,44,30,0,0.0,3,2916,9,1936,162,2376,132,0.515,-0.305,0.254,-0.003,0.074,Female,General,General,1
57,1,61,38,1,0.043,1,3249,1,3721,57,3477,61,0.547,0.258,0.056,0.032,0.009,Female,General,General,1
33,1,37,11,2,0.098,1,1089,1,1369,33,1221,37,-0.403,0.243,-0.169,0.012,-0.04,Female,General,General,1
30,3,29,8,1,0.027,3,900,9,841,90,870,87,-0.263,-0.347,0.009,0.038,-0.036,Female,OBC,OBC,0
45,3,32,20,2,0.05,2,2025,9,1024,135,1440,96,-0.661,0.218,-0.273,-0.031,0.03,Male,General,General,1
33,1,26,14,1,0.07,2,1089,1,676,33,858,26,0.205,0.458,0.212,0.006,0.065,Male,General,General,1
47,1,30,27,2,0.116,1,2209,1,900,47,1410,30,0.333,0.571,0.016,-0.123,0.014,Female,General,General,0
42,1,35,20,0,0.0,1,1764,1,1225,42,1470,35,-0.675,0.86,-0.354,-0.032,0.034,Male,General,General,1
21,1,23,0,0,0.0,1,441,1,529,21,483,23,-0.228,-0.271,-0.06,0.139,0.03,Female,SC,SC,0
58,2,40,34,0,0.0,2,3364,4,1600,116,2320,80,-0.674,0.847,0.093,0.032,0.071,Female,SC,SC,0
61,3,50,39,1,0.022,3,3721,9,2500,183,3050,150,-0.449,-0.106,-0.067,-0.002,-0.097,Female,General,General,1
32,2,29,10,0,0.0,2,1024,4,841,64,928,58,0.276,-0.178,-0.055,0.19,0.033,Male,General,General,1
35,2,58,11,1,0.03,2,1225,4,3364,70,2030,116,-0.367,0.098,-0.245,-0.136,0.049,Male,General,General,1
43,1,46,24,1,0.049,1,1849,1,2116,43,1978,46,-0.15,-0.175,0.113,-0.111,-0.067,Female,OBC,OBC,0
44,3,52,20,0,0.0,4,1936,9,2704,132,2288,156,-0.814,0.12,-0.13,0.171,-0.044,Male,OBC,OBC,1
47,2,32,26,1,0.042,2,2209,4,1024,94,1504,64,0.093,-0.396,-0.431,0.005,-0.043,Female,General,General,1
64,4,50,36,3,0.06,4,4096,16,2500,256,3200,200,-0.022,-0.072,-0.074,-0.024,-0.036,Male,OBC,OBC,1
37,2,26,15,0,0.0,1,1369,4,676,74,962,52,-0.364,0.386,0.196,-0.12,-0.024,Male,OBC,OBC,1
30,1,50,11,1,0.041,1,900,1,2500,30,1500,50,-0.095,-0.017,-0.077,0.045,0.012,Male,ST,ST,1
23,2,42,3,2,0.069,2,529,4,1764,46,966,84,0.09,0.042,0.348,0.054,0.043,Male,General,General,1
31,1,46,13,1,0.051,1,961,1,2116,31,1426,46,-0.407,0.143,0.086,-0.109,0.054,Female,General,General,0
39,2,25,15,2,0.072,3,1521,4,625,78,975,50,-0.738,0.351,0.068,-0.014,-0.042,Male,General,General,1
61,1,29,41,1,0.069,1,3721,1,841,61,1769,29,0.903,-0.497,-0.026,-0.034,-0.042,Male,SC,SC,1
33,1,47,12,1,0.053,1,1089,1,2209,33,1551,47,-0.317,0.175,-0.014,0.026,0.066,Male,SC,SC,1
42,3,28,18,0,0.0,4,1764,9,784,126,1176,84,-0.048,-0.08,-0.053,-0.112,0.032,Male,OBC,OBC,1
39,1,45,21,2,0.091,1,1521,1,2025,39,1755,45,0.505,0.05,-0.06,0.125,0.004,Male,General,General,1
54,3,23,31,2,0.055,3,2916,9,529,162,1242,69,1.765,0.318,0.106,0.092,0.024,Male,General,General,1
70,1,50,49,0,0.0,1,4900,1,2500,70,3500,50,-0.622,-0.358,-0.187,-0.036,-0.001,Female,General,General,1
33,2,25,9,1,0.038,3,1089,4,625,66,825,50,0.225,-0.304,-0.215,-0.022,0.026,Female,OBC,OBC,1
34,2,46,11,4,0.129,1,1156,4,2116,68,1564,92,-0.354,-0.581,-0.225,-0.014,-0.017,Female,General,General,1
52,2,47,28,1,0.032,1,2704,4,2209,104,2444,94,-0.269,-0.165,0.409,-0.078,0.013,Female,General,General,1
48,1,31,27,1,0.066,1,2304,1,961,48,1488,31,-0.36,0.399,0.106,-0.044,-0.076,Male,OBC,OBC,1
62,1,46,40,4,0.197,2,3844,1,2116,62,2852,46,-0.563,-0.036,0.061,-0.027,-0.034,Female,General,General,1
47,1,43,25,2,0.115,1,2209,1,1849,47,2021,43,-0.021,-0.402,-0.212,0.161,-0.034,Female,General,General,1
35,1,33,14,1,0.056,1,1225,1,1089,35,1155,33,-0.737,-0.146,0.125,0.095,-0.019,Male,General,General,1
47,2,27,24,2,0.079,2,2209,4,729,94,1269,54,0.473,-0.446,-0.023,0.093,-0.046,Female,SC,SC,0
53,4,16,25,3,0.061,4,2809,16,256,212,848,64,0.028,-0.338,0.043,0.037,-0.027,Male,OBC,OBC,1
49,3,44,27,1,0.025,4,2401,9,1936,147,2156,132,0.211,0.117,-0.195,-0.112,-0.076,Male,SC,SC,1
46,3,21,21,1,0.031,4,2116,9,441,138,966,63,-0.233,-0.352,0.032,-0.004,0.027,Female,General,General,1
52,3,41,28,1,0.026,2,2704,9,1681,156,2132,123,-0.184,0.334,-0.085,0.097,-0.004,Male,ST,ST,1
54,2,36,33,4,0.137,1,2916,4,1296,108,1944,72,0.144,-0.021,-0.153,-0.126,-0.085,Male,SC,SC,1
56,1,48,34,2,0.084,1,3136,1,2304,56,2688,48,-0.582,0.026,0.147,0.064,-0.042,Male,OBC,OBC,1
47,4,36,19,0,0.0,4,2209,16,1296,188,1692,144,-0.179,-0.084,-0.308,0.232,0.017,Male,ST,ST,1
37,2,36,16,3,0.12,2,1369,4,1296,74,1332,72,-0.43,0.232,0.113,0.106,-0.027,Male,General,General,1
41,2,48,21,1,0.031,2,1681,4,2304,82,1968,96,-0.445,0.235,0.137,0.141,-0.035,Female,General,General,1
54,1,44,35,0,0.0,1,2916,1,1936,54,2376,44,-1.055,0.101,-0.176,0.022,-0.004,Female,General,General,1
30,2,43,7,1,0.035,1,900,4,1849,60,1290,86,0.67,0.169,-0.164,0.097,0.017,Female,OBC,OBC,0
44,2,45,23,1,0.034,2,1936,4,2025,88,1980,90,-0.343,-0.064,-0.045,-0.072,-0.072,Male,OBC,OBC,1
35,3,21,9,3,0.086,3,1225,9,441,105,735,63,0.582,0.163,0.056,0.08,0.028,Female,SC,SC,1
40,2,49,19,0,0.0,2,1600,4,2401,80,1960,98,0.534,-0.101,-0.031,0.065,-0.04,Female,General,General,1
55,1,47,35,3,0.158,1,3025,1,2209,55,2585,47,-0.643,0.001,0.087,0.029,-0.001,Male,General,General,1
42,4,27,15,1,0.022,4,1764,16,729,168,1134,108,-0.544,-0.082,0.353,0.132,-0.002,Female,General,General,1
40,1,37,21,0,0.0,1,1600,1,1369,40,1480,37,1.28,-0.137,-0.102,-0.054,-0.026,Female,OBC,OBC,1
23,2,39,0,4,0.137,2,529,4,1521,46,897,78,0.875,-0.207,-0.343,-0.019,-0.051,Female,General,General,0
48,1,38,27,1,0.053,1,2304,1,1444,48,1824,38,-0.016,0.14,0.165,0.01,-0.014,Male,SC,SC,0
47,3,44,21,0,0.0,3,2209,9,1936,141,2068,132,0.129,0.393,0.337,-0.103,0.081,Male,General,General,1
65,4,57,41,1,0.018,4,4225,16,3249,260,3705,228,-0.315,0.351,0.079,0.023,-0.068,Female,General,General,0
36,1,52,16,3,0.135,1,1296,1,2704,36,1872,52,0.216,-0.377,-0.218,-0.172,0.085,Female,SC,SC,1
42,3,24,20,1,0.027,2,1764,9,576,126,1008,72,-0.359,0.387,-0.025,0.105,-0.013,Female,General,General,1
42,1,47,22,0,0.0,1,1764,1,2209,42,1974,47,-1.016,-0.095,-0.224,0.005,0.002,Female,General,General,1
58,4,55,33,0,0.0,4,3364,16,3025,232,3190,220,-0.661,0.18,0.129,-0.052,-0.054,Female,General,General,1
38,3,44,13,0,0.0,4,1444,9,1936,114,1672,132,0.011,-0.272,-0.27,-0.083,-0.039,Male,General,General,1
43,3,53,20,2,0.046,3,1849,9,2809,129,2279,159,-0.566,0.043,-0.06,-0.023,-0.025,Female,ST,ST,0
47,1,64,27,1,0.045,1,2209,1,4096,47,3008,64,-0.034,0.094,-0.201,0.069,-0.052,Male,OBC,OBC,1
42,4,52,16,0,0.0,4,1764,16,2704,168,2184,208,-0.537,-0.445,0.025,0.055,-0.01,Female,General,General,1
34,3,42,10,0,0.0,3,1156,9,1764,102,1428,126,-0.391,0.182,-0.073,-0.071,-0.02,Female,OBC,OBC,1
42,1,52,20,1,0.044,1,1764,1,2704,42,2184,52,0.427,0.404,0.035,-0.085,0.093,Male,General,General,1
52,3,41,27,4,0.097,2,2704,9,1681,156,2132,123,0.124,-0.052,0.004,0.066,-0.058,Female,SC,SC,0
27,1,40,8,1,0.055,1,729,1,1600,27,1080,40,-0.005,0.408,-0.197,-0.072,0.005,Male,ST,ST,1
41,3,35,18,4,0.1,3,1681,9,1225,123,1435,105,0.439,-0.057,0.125,0.006,0.012,Male,SC,SC,1
31,1,58,13,1,0.044,2,961,1,3364,31,1798,58,0.24,0.255,-0.01,0.012,-0.054,Male,General,General,1
54,3,30,30,0,0.0,2,2916,9,900,162,1620,90,0.723,-0.666,-0.198,0.031,0.034,Male,General,General,1
21,2,58,0,3,0.093,1,441,4,3364,42,1218,116,-0.23,0.726,0.448,0.086,-0.02,Male,General,General,0
33,1,45,13,1,0.047,1,1089,1,2025,33,1485,45,-0.215,0.449,0.095,-0.126,-0.125,Male,OBC,OBC,1
44,1,23,25,2,0.123,1,1936,1,529,44,1012,23,-0.651,-0.085,-0.031,-0.191,0.033,Female,OBC,OBC,1
58,1,44,40,4,0.164,2,3364,1,1936,58,2552,44,-0.214,-0.592,0.283,-0.057,-0.056,Female,General,General,1
39,2,14,15,0,0.0,2,1521,4,196,78,546,28,0.482,0.086,0.368,0.18,-0.052,Female,SC,SC,1
33,1,47,12,0,0.0,2,1089,1,2209,33,1551,47,0.65,-0.433,-0.029,0.202,0.034,Male,General,General,1
62,2,50,38,2,0.067,2,3844,4,2500,124,3100,100,0.48,0.133,0.069,0.183,-0.017,Female,General,General,1
22,1,32,3,0,0.0,1,484,1,1024,22,704,32,-0.897,0.123,-0.198,-0.019,0.046,Female,General,General,0
20,1,41,0,0,0.0,1,400,1,1681,20,820,41,0.542,-0.282,-0.029,-0.178,0.061,Male,General,General,0
45,3,63,20,0,0.0,3,2025,9,3969,135,2835,189,-0.919,0.336,-0.04,-0.234,-0.032,Female,General,General,1
33,1,33,14,0,0.0,1,1089,1,1089,33,1089,33,0.449,0.242,0.037,-0.061,0.04,Male,OBC,OBC,0
27,4,27,2,2,0.043,3,729,16,729,108,729,108,-0.184,0.293,0.067,-0.02,-0.038,Female,General,General,1
48,3,57,25,0,0.0,3,2304,9,3249,144,2736,171,0.351,0.003,0.112,0.13,0.112,Male,General,General,1
42,2,63,19,1,0.029,2,1764,4,3969,84,2646,126,-0.666,-0.425,0.048,0.087,-0.035,Male,OBC,OBC,1
33,2,40,10,2,0.08,3,1089,4,1600,66,1320,80,0.586,0.293,-0.242,0.023,0.051,Female,General,General,1
24,3,52,2,1,0.024,3,576,9,2704,72,1248,156,-0.732,-0.081,-0.188,-0.089,0.042,Male,OBC,OBC,0
50,1,56,32,0,0.0,1,2500,1,3136,50,2800,56,-0.334,-0.417,-0.109,-0.096,0.016,Male,General,General,1
47,1,31,25,2,0.106,1,2209,1,961,47,1457,31,-0.499,0.406,-0.056,0.025,-0.034,Female,OBC,OBC,1
38,1,34,17,0,0.0,1,1444,1,1156,38,1292,34,-0.877,0.63,0.21,0.07,-0.008,Female,ST,ST,0
62,3,54,37,2,0.049,3,3844,9,2916,186,3348,162,0.047,-0.012,-0.233,0.039,-0.108,Female,General,General,1
27,1,60,6,3,0.132,2,729,1,3600,27,1620,60,0.903,0.648,-0.071,-0.103,0.011,Male,OBC,OBC,1
21,2,46,2,1,0.035,3,441,4,2116,42,966,92,1.333,0.027,0.191,0.065,0.017,Male,SC,SC,1
31,4,29,6,1,0.022,3,961,16,841,124,899,116,0.049,-0.114,-0.06,0.043,0.007,Female,OBC,OBC,1
39,3,63,15,1,0.023,4,1521,9,3969,117,2457,189,0.558,-0.189,0.092,-0.107,-0.149,Male,General,General,1
42,2,33,22,1,0.04,1,1764,4,1089,84,1386,66,0.116,0.491,-0.028,-0.078,-0.063,Male,General,General,1
37,1,35,16,3,0.175,1,1369,1,1225,37,1295,35,0.249,-0.234,0.051,0.069,-0.037,Female,OBC,OBC,1
44,3,44,22,3,0.079,3,1936,9,1936,132,1936,132,-0.171,0.221,-0.046,-0.023,0.015,Male,SC,SC,1
24,2,58,0,1,0.03,1,576,4,3364,48,1392,116,0.098,-0.168,0.133,0.159,0.014,Male,General,General,0
57,1,50,36,2,0.081,1,3249,1,2500,57,2850,50,0.269,-0.138,-0.309,0.05,-0.009,Male,General,General,1
39,1,44,17,4,0.233,1,1521,1,1936,39,1716,44,-0.289,0.309,-0.073,-0.049,0.032,Male,General,General,1
53,4,45,26,4,0.086,3,2809,16,2025,212,2385,180,-0.039,-0.114,0.059,-0.001,-0.051,Male,General,General,1
44,2,40,24,1,0.035,2,1936,4,1600,88,1760,80,-0.029,-0.121,0.107,0.006,0.031,Male,General,General,1
45,3,46,22,1,0.025,3,2025,9,2116,135,2070,138,0.413,0.34,0.299,-0.073,0.024,Male,General,General,1
46,3,10,22,0,0.0,4,2116,9,100,138,460,30,-0.533,0.479,-0.078,-0.091,0.019,Female,General,General,1
45,2,36,21,4,0.146,2,2025,4,1296,90,1620,72,-0.026,0.193,0.296,0.07,-0.009,Female,General,General,0
47,2,42,27,0,0.0,2,2209,4,1764,94,1974,84,0.956,-0.196,-0.132,0.085,0.092,Male,ST,ST,1
55,2,26,34,1,0.037,2,3025,4,676,110,1430,52,0.582,-0.153,0.266,0.06,0.025,Female,General,General,1
42,1,44,24,0,0.0,1,1764,1,1936,42,1848,44,0.675,0.024,0.163,0.152,-0.048,Male,General,General,1
48,2,37,24,0,0.0,1,2304,4,1369,96,1776,74,0.012,0.096,-0.183,-0.054,0.012,Male,General,General,1
38,3,61,14,1,0.024,3,1444,9,3721,114,2318,183,0.16,-0.296,0.061,0.167,0.038,Male,ST,ST,0
57,2,58,37,4,0.121,2,3249,4,3364,114,3306,116,0.501,0.217,-0.01,-0.09,-0.029,Female,OBC,OBC,1
31,3,34,6,0,0.0,3,961,9,1156,93,1054,102,0.78,0.026,0.125,-0.101,0.054,Female,SC,SC,1
61,2,38,40,1,0.031,2,3721,4,1444,122,2318,76,-0.976,-0.515,-0.045,-0.176,0.019,Female,General,General,1
39,2,39,19,0,0.0,2,1521,4,1521,78,1521,78,-0.658,-0.279,-0.061,-0.045,-0.117,Male,SC,SC,1
22,2,34,1,0,0.0,1,484,4,1156,44,748,68,0.655,-0.151,0.274,-0.05,0.015,Male,General,General,1
41,2,42,18,1,0.033,1,1681,4,1764,82,1722,84,-0.138,-0.022,-0.02,0.053,-0.02,Female,General,General,1
31,3,30,7,1,0.028,4,961,9,900,93,930,90,-0.336,0.567,0.165,0.024,0.027,Male,OBC,OBC,1
50,1,26,30,0,0.0,1,2500,1,676,50,1300,26,-0.627,0.071,-0.045,-0.119,0.047,Female,SC,SC,0
32,2,47,9,1,0.034,3,1024,4,2209,64,1504,94,-0.278,-0.252,0.333,-0.039,0.01,Female,SC,SC,1
34,1,47,15,0,0.0,1,1156,1,2209,34,1598,47,-0.701,0.066,-0.136,-0.037,0.083,Female,SC,SC,1
20,1,30,2,1,0.061,2,400,1,900,20,600,30,1.046,-0.106,-0.123,-0.178,-0.009,Female,ST,ST,0
34,2,50,11,4,0.136,2,1156,4,2500,68,1700,100,-0.011,0.097,0.305,-0.098,0.031,Female,General,General,1
20,2,32,0,4,0.137,1,400,4,1024,40,640,64,-0.029,0.174,-0.089,-0.077,0.04,Female,General,General,1
20,4,43,1,1,0.02,4,400,16,1849,80,860,172,0.294,0.363,0.32,0.143,-0.005,Female,General,General,1
49,2,49,27,1,0.034,2,2401,4,2401,98,2401,98,0.481,-0.007,0.178,0.019,0.039,Male,SC,SC,0
49,3,39,24,4,0.102,3,2401,9,1521,147,1911,117,0.473,0.492,-0.031,0.066,-0.03,Female,General,General,1
45,2,45,23,0,0.0,1,2025,4,2025,90,2025,90,0.537,0.272,-0.363,-0.15,-0.021,Male,SC,SC,1
28,2,33,7,3,0.093,2,784,4,1089,56,924,66,-0.315,-0.212,-0.004,0.119,-0.066,Male,General,General,1
39,1,37,19,4,0.199,2,1521,1,1369,39,1443,37,-0.149,0.663,0.02,0.13,0.012,Male,General,General,1
39,1,37,18,0,0.0,1,1521,1,1369,39,1443,37,0.385,0.098,0.233,-0.2,0.016,Male,General,General,1
26,1,31,7,0,0.0,1,676,1,961,26,806,31,-0.264,-0.251,0.318,-0.071,0.059,Female,General,General,1
58,2,37,34,4,0.152,1,3364,4,1369,116,2146,74,-0.003,0.496,-0.137,0.05,0.04,Female,SC,SC,1
50,1,21,29,1,0.065,1,2500,1,441,50,1050,21,0.199,0.623,0.16,0.064,-0.014,Male,General,General,1
37,1,34,19,0,0.0,1,1369,1,1156,37,1258,34,0.393,-0.01,0.153,-0.068,-0.059,Male,General,General,1
40,1,36,19,0,0.0,1,1600,1,1296,40,1440,36,-0.889,-0.151,0.215,-0.031,0.022,Female,General,General,1
42,4,36,17,1,0.021,4,1764,16,1296,168,1512,144,0.357,-0.052,0.1,-0.06,0.056,Female,General,General,1
20,1,37,0,2,0.104,1,400,1,1369,20,740,37,-0.117,0.214,-0.388,0.011,0.038,Female,General,General,0
37,2,39,13,2,0.068,3,1369,4,1521,74,1443,78,0.354,0.383,-0.031,0.12,0.054,Male,General,General,1
31,1,45,9,4,0.19,1,961,1,2025,31,1395,45,0.388,0.171,-0.231,-0.077,-0.011,Female,SC,SC,0
27,2,50,7,0,0.0,2,729,4,2500,54,1350,100,0.804,0.031,-0.041,0.1,-0.023,Male,General,General,1
36,1,32,16,1,0.061,1,1296,1,1024,36,1152,32,0.677,0.449,0.196,-0.078,-0.037,Male,General,General,1
61,1,25,42,1,0.067,1,3721,1,625,61,1525,25,0.673,-0.094,0.061,-0.085,-0.003,Male,OBC,OBC,1
47,2,27,26,1,0.042,2,2209,4,729,94,1269,54,0.722,0.309,0.23,0.082,-0.004,Male,General,General,1
33,1,34,13,0,0.0,2,1089,1,1156,33,1122,34,0.146,-0.086,0.068,0.092,0.01,Male,General,General,1
46,1,35,24,4,0.222,1,2116,1,1225,46,1610,35,0.016,0.129,-0.26,0.085,-0.006,Female,OBC,OBC,1
